Customer_ID,Age,Income,Loan_Amount,Credit_Score,Loan_Term,Default_Status
100000,59,77767,15618,804,24,No
100001,49,48054,41561,543,60,No
100002,35,95319,12373,773,48,No
100003,63,122789,40281,681,12,No
100004,28,65397,25187,402,36,No
100005,41,33233,7327,788,24,No
100006,59,131205,37391,336,12,Yes
100007,39,110020,46577,848,60,No
100008,43,45068,23549,819,24,No
100009,31,85727,44220,632,12,Yes
100010,31,110610,12642,696,48,Yes
100011,44,90453,19435,595,36,Yes
100012,56,124135,38760,406,60,Yes
100013,60,45832,43192,829,24,No
100014,44,128464,9381,382,48,No
100015,23,106242,36047,587,36,No
100016,42,33682,24558,760,36,Yes
100017,22,112298,35782,514,48,Yes
100018,44,43383,9782,580,24,No
100019,64,78160,30881,758,36,Yes
100020,50,113332,45228,643,60,Yes
100021,58,43666,34409,493,12,Yes
100022,22,78817,24462,457,60,Yes
100023,41,111198,7983,764,36,No
100024,53,130695,36933,403,12,Yes
100025,32,54642,7523,333,48,No
100026,42,61830,14677,401,12,No
100027,64,123067,15292,624,12,Yes
100028,45,30234,20089,440,12,No
100029,47,77616,9581,773,36,No
100030,62,29221,16907,330,24,No
100031,48,31410,10609,362,36,Yes
100032,36,100055,49143,386,24,Yes
100033,35,81413,27936,603,48,Yes
100034,64,21051,47725,360,48,Yes
100035,23,130529,38988,695,48,No
100036,57,95301,34506,633,48,No
100037,27,96918,18163,710,48,No
100038,41,98116,17537,583,60,No
100039,29,142226,27419,765,36,Yes
100040,59,76563,47578,379,24,Yes
100041,38,117859,14455,376,48,No
100042,24,64757,14063,839,60,No
100043,45,146169,5834,660,60,No
100044,34,141008,37214,376,60,No
100045,29,97475,32398,808,36,No
100046,46,71257,39492,463,48,Yes
100047,22,115500,7413,308,60,Yes
100048,40,20307,14505,474,60,No
100049,48,76889,42266,761,48,No
100050,27,88895,7105,606,36,No
100051,64,115184,7568,544,60,No
100052,28,55944,47098,421,24,Yes
100053,55,119555,42679,484,12,No
100054,34,58134,38560,331,12,Yes
100055,37,47323,19195,609,12,No
100056,56,136205,20762,671,36,No
100057,60,91762,46294,355,60,Yes
100058,24,107225,20898,572,12,No
100059,22,116507,26577,763,12,No
100060,26,45954,6214,755,48,No
100061,62,75021,25803,548,60,No
100062,24,109959,28698,377,60,Yes
100063,49,115927,37980,833,48,No
100064,38,99866,6658,407,60,No
100065,46,90427,17270,572,24,No
100066,64,24992,42792,314,36,Yes
100067,54,21961,27301,669,48,No
100068,30,32497,10141,603,12,Yes
100069,56,137551,43756,504,60,No
100070,34,52551,18777,412,24,Yes
100071,51,96384,43346,552,24,Yes
100072,35,145374,34441,740,36,No
100073,28,75755,33469,485,24,No
100074,34,33255,8845,526,60,No
100075,43,24567,49650,827,60,No
100076,60,68847,28290,653,24,No
100077,41,124817,35699,300,60,No
100078,36,68003,49252,719,60,No
100079,38,40389,38146,460,12,No
100080,44,64523,8293,460,48,Yes
100081,46,143802,49398,427,60,No
100082,45,81576,21608,450,60,Yes
100083,61,147342,5737,743,36,No
100084,49,63919,21619,770,48,Yes
100085,35,102103,17470,762,48,No
100086,21,142443,27372,329,48,Yes
100087,45,23358,21117,772,24,No
100088,27,108535,19779,379,12,No
100089,29,127894,34294,338,12,No
100090,44,141485,26630,539,36,Yes
100091,21,96524,45039,636,48,No
100092,64,143416,17178,579,48,No
100093,28,125982,24935,415,60,No
100094,44,117057,27784,568,24,Yes
100095,31,25698,28027,634,24,No
100096,37,86809,36008,611,36,No
100097,28,113079,6823,352,12,No
100098,55,75805,11852,367,48,No
100099,55,51349,18072,333,36,No
100100,53,96777,16133,685,24,Yes
100101,25,70248,20111,548,24,No
100102,62,95033,37312,410,24,Yes
100103,59,127411,29161,393,48,Yes
100104,61,118239,44287,709,48,Yes
100105,48,64041,6777,478,48,Yes
100106,27,51954,29014,346,60,No
100107,29,28002,19772,675,12,Yes
100108,28,89783,49627,501,24,Yes
100109,32,127524,23161,744,24,No
100110,54,107234,47264,596,60,Yes
100111,53,144857,12490,607,24,No
100112,43,39738,46661,792,24,No
100113,44,30703,29502,637,48,No
100114,57,133776,40757,365,48,Yes
100115,55,69422,46111,721,12,Yes
100116,64,103106,37737,839,24,No
100117,60,81899,22709,792,36,No
100118,42,32392,49682,616,24,Yes
100119,47,64724,13998,374,24,No
100120,55,52299,33906,358,12,Yes
100121,21,35641,40490,685,36,No
100122,55,99534,9656,314,24,Yes
100123,57,26305,41901,530,36,No
100124,34,118262,30735,498,48,Yes
100125,23,38782,34092,653,48,Yes
100126,21,98257,6242,334,36,Yes
100127,25,125299,46307,461,24,No
100128,46,97963,6831,770,36,No
100129,34,132086,33511,830,36,No
100130,59,141987,12246,722,48,No
100131,47,40566,36467,647,36,No
100132,29,144591,23302,446,60,No
100133,35,87766,8232,673,60,No
100134,35,26511,41526,715,48,Yes
100135,46,134816,43765,793,24,No
100136,62,127765,15972,555,24,No
100137,33,138360,39592,402,48,Yes
100138,52,46177,15683,420,24,Yes
100139,59,24765,28664,718,12,No
100140,52,40354,41828,649,60,No
100141,24,43929,38172,341,12,No
100142,50,48820,23105,666,12,No
100143,57,131576,26700,328,12,No
100144,43,49523,16017,313,48,Yes
100145,59,91088,41613,784,12,Yes
100146,35,86163,25594,488,36,Yes
100147,63,97525,16384,594,24,Yes
100148,49,33780,35348,482,48,Yes
100149,56,26589,21448,847,36,No
100150,33,54812,14491,336,36,No
100151,52,113664,18112,313,60,No
100152,27,65939,36021,458,60,Yes
100153,42,71493,49553,793,36,No
100154,48,124188,5968,628,60,No
100155,22,113326,5368,382,24,No
100156,62,60953,13424,321,24,Yes
100157,26,85785,40010,431,60,Yes
100158,48,39309,40851,764,12,No
100159,48,74195,30496,755,36,No
100160,64,135662,35936,601,24,No
100161,64,45901,18322,566,60,Yes
100162,40,43576,6469,694,60,No
100163,50,51508,42493,419,24,No
100164,31,94711,9259,545,24,Yes
100165,48,45464,41390,337,12,No
100166,45,80281,15292,544,60,Yes
100167,59,36260,31841,320,60,Yes
100168,53,144997,33365,409,48,Yes
100169,21,55440,22207,693,12,No
100170,47,115082,41199,709,24,Yes
100171,33,125583,27912,307,24,Yes
100172,61,76683,41919,743,36,Yes
100173,23,144206,41981,627,24,Yes
100174,59,61430,20235,589,60,No
100175,26,21987,46757,810,24,Yes
100176,28,134778,38547,660,60,Yes
100177,47,45105,48810,518,60,Yes
100178,29,98484,24276,705,12,No
100179,57,138747,36923,519,24,No
100180,53,33026,10534,406,12,Yes
100181,62,88309,31469,585,60,Yes
100182,64,65927,41074,307,24,Yes
100183,44,95414,40670,488,24,Yes
100184,35,77535,37563,380,12,No
100185,52,62946,41486,407,12,No
100186,52,146503,5021,620,60,No
100187,44,76561,39268,645,60,Yes
100188,61,30377,46802,627,24,No
100189,32,73592,20799,601,24,No
100190,59,27347,31336,499,48,No
100191,22,53776,8641,718,48,No
100192,23,23783,26596,338,36,No
100193,57,75798,37959,606,60,No
100194,37,24298,18306,303,36,Yes
100195,22,90204,13587,376,36,No
100196,22,106207,36359,767,12,Yes
100197,48,120356,26498,478,12,No
100198,43,75161,9662,575,48,No
100199,57,80652,42094,451,36,No
100200,52,54484,46833,463,48,Yes
100201,53,118614,32197,589,60,Yes
100202,21,149572,25719,677,24,Yes
100203,39,132695,29665,609,12,No
100204,22,40922,48239,688,60,No
100205,64,54028,30032,482,60,No
100206,46,131461,17641,605,12,Yes
100207,52,40316,46964,371,12,No
100208,26,96996,35028,518,36,No
100209,52,36968,20651,472,48,Yes
100210,24,50266,13536,571,60,No
100211,31,145679,11273,767,36,No
100212,37,115745,11284,568,36,No
100213,58,44000,30692,319,60,No
100214,44,143239,13817,802,60,No
100215,25,34011,33955,446,24,Yes
100216,54,22866,31555,728,48,No
100217,26,132669,25378,464,60,No
100218,42,25898,46182,609,12,No
100219,31,38395,22127,817,24,No
100220,36,59019,22952,313,48,Yes
100221,53,123243,16539,431,12,No
100222,29,24006,19692,738,12,No
100223,26,54393,23120,562,48,No
100224,36,30956,18334,524,24,Yes
100225,49,70042,33615,557,12,No
100226,23,116199,12903,533,36,No
100227,40,26078,33527,635,48,Yes
100228,56,49631,20629,708,48,Yes
100229,39,115676,22740,323,60,No
100230,46,141724,38782,570,24,No
100231,23,82901,31708,394,36,No
100232,39,127227,15860,441,36,Yes
100233,40,89497,22438,380,60,Yes
100234,52,114813,6764,573,12,No
100235,27,137192,11009,575,12,Yes
100236,61,61574,25842,764,36,No
100237,53,138494,47372,507,24,Yes
100238,60,51417,38435,595,12,Yes
100239,59,108020,8370,338,48,Yes
100240,38,103639,43744,587,60,No
100241,60,85006,25454,423,24,Yes
100242,21,114881,46381,582,12,Yes
100243,31,131862,43367,479,36,No
100244,48,59454,8650,396,60,No
100245,45,21587,30708,490,12,No
100246,43,141688,47662,373,36,Yes
100247,51,128107,8190,746,12,No
100248,50,135584,13789,796,60,No
100249,62,74710,37125,783,48,No
100250,55,143157,38159,415,48,No
100251,27,106567,22459,834,36,No
100252,36,111748,40418,397,48,Yes
100253,46,95886,23768,627,60,No
100254,22,38816,20563,706,36,No
100255,21,105824,32885,612,12,No
100256,32,49432,26885,447,24,Yes
100257,25,129758,11895,641,12,No
100258,57,68617,28958,794,60,No
100259,52,92373,6531,322,36,Yes
100260,29,54217,10481,404,12,No
100261,61,40884,28932,521,36,No
100262,55,25454,26360,314,48,No
100263,39,94960,48642,377,24,Yes
100264,36,122421,29829,621,60,No
100265,23,127173,24932,540,12,No
100266,40,63618,43931,317,24,Yes
100267,44,103948,43032,753,60,No
100268,53,82671,20890,742,60,No
100269,44,67111,23807,576,48,No
100270,31,59613,16767,723,36,No
100271,28,105678,13071,775,36,Yes
100272,56,140592,31149,326,24,Yes
100273,58,122928,20540,813,48,No
100274,60,144917,40676,763,60,Yes
100275,40,79993,9712,662,48,No
100276,55,148652,31201,682,48,Yes
100277,45,28848,49958,824,24,No
100278,55,134853,24899,681,36,No
100279,45,98672,24787,483,48,Yes
100280,49,139279,25982,493,48,Yes
100281,38,86125,27606,761,48,No
100282,38,106444,15150,355,12,Yes
100283,22,137509,25393,529,48,Yes
100284,55,81602,42259,788,48,No
100285,36,92045,32750,327,60,Yes
100286,61,125997,13593,483,12,Yes
100287,56,62222,22358,724,48,No
100288,53,69223,21607,674,48,Yes
100289,24,130012,42381,340,24,Yes
100290,53,131246,29811,783,24,Yes
100291,34,85333,33074,559,12,Yes
100292,41,72732,25595,740,60,No
100293,40,142650,49194,383,12,Yes
100294,28,69420,31853,345,12,No
100295,27,95504,13183,739,24,No
100296,23,22462,25661,818,24,Yes
100297,37,29460,46169,737,60,No
100298,53,119319,41495,435,48,Yes
100299,32,145602,18703,482,60,Yes
100300,42,29275,35815,471,48,Yes
100301,42,114213,34565,838,36,No
100302,50,33269,27942,419,24,No
100303,58,149593,47986,580,36,Yes
100304,58,142672,38161,607,36,No
100305,28,85942,46803,576,24,No
100306,47,92920,14716,829,36,No
100307,47,140737,46563,594,12,No
100308,54,42553,38349,352,48,No
100309,41,44366,47899,731,60,Yes
100310,50,64036,5132,351,24,Yes
100311,53,37369,8385,371,12,No
100312,48,31795,41538,327,60,Yes
100313,53,90021,40036,768,60,No
100314,25,127205,38743,846,60,No
100315,39,88154,45373,700,36,No
100316,24,50143,12213,500,36,No
100317,55,49425,49223,765,36,No
100318,37,108209,31119,678,36,Yes
100319,64,95139,7835,476,12,No
100320,48,125232,7738,351,36,Yes
100321,50,25368,47317,378,24,Yes
100322,49,24621,9134,684,60,No
100323,26,78829,30892,307,12,Yes
100324,55,149036,44601,513,36,Yes
100325,61,80294,13353,324,60,Yes
100326,57,34719,20690,749,12,No
100327,44,49227,6909,756,60,No
100328,49,129430,30703,760,12,No
100329,51,27566,19496,497,48,Yes
100330,55,32306,17062,393,12,Yes
100331,53,73822,14850,736,36,No
100332,41,44042,32701,826,60,No
100333,52,35086,39731,677,60,No
100334,43,37387,10153,403,60,No
100335,53,47042,15481,338,24,Yes
100336,23,109424,38734,757,24,Yes
100337,38,71618,5889,663,36,No
100338,45,112050,24445,434,48,Yes
100339,62,38323,11461,673,24,No
100340,51,38019,43934,531,12,Yes
100341,23,95426,33205,338,36,Yes
100342,60,60863,28351,346,48,No
100343,44,140953,21006,335,12,Yes
100344,52,131023,49149,394,60,Yes
100345,42,30283,15940,660,24,No
100346,43,38279,16258,824,12,No
100347,22,66999,29485,445,48,Yes
100348,47,82780,28763,667,36,Yes
100349,62,42908,45048,364,12,Yes
100350,22,81584,6067,527,36,No
100351,46,146278,25607,819,60,No
100352,37,133002,48883,480,48,Yes
100353,60,70225,14018,800,48,No
100354,53,57952,20187,454,24,Yes
100355,29,120706,42375,834,48,No
100356,63,57663,8985,734,12,No
100357,59,142019,48052,398,12,No
100358,49,129708,24563,671,12,Yes
100359,62,81381,42306,661,60,Yes
100360,46,67929,23608,411,48,No
100361,55,29343,44139,752,48,Yes
100362,45,96173,6726,468,12,No
100363,44,120260,31582,438,24,No
100364,33,59791,10791,530,24,No
100365,27,49134,13458,538,48,No
100366,56,132366,22221,552,48,Yes
100367,40,67101,25968,735,36,No
100368,21,89443,22070,721,48,No
100369,28,119111,32937,602,12,No
100370,36,77530,46831,371,60,No
100371,34,66799,47933,562,48,Yes
100372,32,24827,42415,521,48,No
100373,43,116143,47770,376,12,Yes
100374,35,82653,25802,361,36,Yes
100375,48,33699,48601,770,48,No
100376,54,122828,15420,456,24,No
100377,22,133497,11642,424,24,No
100378,52,111419,24775,460,24,Yes
100379,43,134527,33754,840,60,No
100380,42,136972,48310,834,60,No
100381,45,25313,9357,405,48,Yes
100382,42,33598,26263,430,48,No
100383,42,131362,18201,656,48,Yes
100384,62,135445,7739,301,60,Yes
100385,26,48807,18231,532,48,Yes
100386,35,90423,47278,668,12,Yes
100387,63,89390,47495,550,36,Yes
100388,57,65226,26168,407,24,Yes
100389,53,79550,37624,575,24,Yes
100390,28,100072,15635,479,12,No
100391,64,23558,14964,592,48,Yes
100392,64,95308,32785,474,60,No
100393,25,70113,34510,422,48,No
100394,59,72999,22261,526,48,Yes
100395,24,75878,24254,743,24,No
100396,26,56343,16392,727,24,No
100397,52,78219,17336,382,60,No
100398,50,55186,16939,364,24,Yes
100399,55,56966,32412,580,48,Yes
100400,60,53769,21676,690,12,No
100401,36,139932,14843,727,60,No
100402,33,146264,30112,406,12,Yes
100403,62,125423,35598,847,48,No
100404,50,73218,40454,561,60,No
100405,39,39229,38001,458,12,No
100406,37,95209,32228,564,60,No
100407,39,47877,19429,767,48,Yes
100408,48,78001,23758,501,60,Yes
100409,46,117137,7272,454,48,Yes
100410,57,58084,22350,312,60,Yes
100411,46,101780,27538,596,60,Yes
100412,43,112892,8400,797,24,No
100413,29,36806,20371,544,48,No
100414,32,108635,42310,599,36,No
100415,21,130177,41291,661,60,Yes
100416,21,57034,23147,653,12,Yes
100417,54,60317,8291,820,24,No
100418,52,75468,40256,685,24,Yes
100419,45,39094,15892,611,60,No
100420,60,77796,39326,713,36,Yes
100421,21,30589,42458,577,24,Yes
100422,36,77221,43889,655,48,Yes
100423,59,144855,49966,824,60,Yes
100424,25,21657,42207,315,60,Yes
100425,42,118300,45288,344,36,Yes
100426,49,137229,30995,620,48,No
100427,23,59531,10409,625,48,No
100428,32,72227,47438,447,36,Yes
100429,46,23164,49874,654,12,Yes
100430,36,113078,49702,535,48,No
100431,57,103973,34823,404,12,No
100432,42,61247,12869,773,12,No
100433,49,124041,40724,695,60,Yes
100434,34,39601,27401,745,60,Yes
100435,48,113966,30958,519,24,Yes
100436,25,70599,15766,741,60,Yes
100437,50,91545,24768,327,48,Yes
100438,25,135295,35794,774,48,No
100439,32,24552,31145,604,12,Yes
100440,36,136452,15086,704,48,Yes
100441,46,29417,48203,812,60,No
100442,46,78579,31442,801,60,No
100443,41,127525,21412,647,60,No
100444,59,88207,30596,539,36,Yes
100445,56,92055,15255,636,48,No
100446,53,122266,47406,325,24,Yes
100447,50,98270,45524,708,48,No
100448,57,131426,28332,376,48,Yes
100449,43,137865,49624,516,36,Yes
100450,30,23722,20764,627,48,No
100451,25,90442,32563,322,12,Yes
100452,56,115632,27139,609,60,No
100453,54,60031,41370,566,60,Yes
100454,51,99235,10062,714,36,No
100455,30,41438,49645,566,60,Yes
100456,39,78819,12244,632,12,No
100457,52,63856,11372,749,36,No
100458,21,53576,44873,546,24,No
100459,25,61938,24965,335,60,Yes
100460,24,69028,49997,700,48,No
100461,36,79807,21956,327,12,Yes
100462,44,69877,45473,519,12,Yes
100463,36,117783,18894,705,60,No
100464,22,63461,38382,570,24,Yes
100465,48,113474,9050,810,48,No
100466,52,60469,21709,585,24,Yes
100467,47,103136,20722,753,24,No
100468,40,40435,20210,616,60,No
100469,44,104117,41545,596,48,Yes
100470,32,34191,43674,637,60,Yes
100471,55,104726,39489,606,60,Yes
100472,53,143658,22733,727,12,No
100473,53,135660,25080,650,60,No
100474,63,47386,41664,810,36,No
100475,57,51721,44709,824,48,No
100476,32,74786,43014,791,12,No
100477,23,33704,46152,308,48,Yes
100478,21,76635,32250,796,12,Yes
100479,53,22123,25229,739,36,No
100480,60,110710,21475,407,60,No
100481,30,129837,48876,544,12,No
100482,63,134912,34011,554,12,No
100483,64,82993,13128,332,12,Yes
100484,49,132752,37450,322,36,Yes
100485,33,100122,23897,348,48,Yes
100486,32,117512,13168,761,36,Yes
100487,51,45416,11861,635,12,Yes
100488,22,21814,46758,657,12,Yes
100489,55,98537,18750,421,60,Yes
100490,43,70258,21988,743,36,Yes
100491,37,36508,7979,658,36,No
100492,46,105166,28524,645,24,Yes
100493,28,98916,12065,492,48,No
100494,49,133710,42684,715,24,Yes
100495,46,55699,28184,676,24,No
100496,30,66335,38365,762,48,No
100497,46,66806,28704,445,60,Yes
100498,54,97853,10622,777,60,No
100499,61,83768,23261,707,48,No
100500,27,55739,49932,585,48,Yes
100501,24,54785,33419,410,36,No
100502,31,51980,39467,349,36,Yes
100503,49,109335,30605,313,36,No
100504,56,120719,34171,433,36,No
100505,45,114702,27164,642,12,No
100506,41,105016,18796,585,12,Yes
100507,56,21609,41854,613,60,No
100508,30,86253,36320,596,12,No
100509,57,105481,5665,463,12,No
100510,29,111128,37694,796,36,Yes
100511,44,48141,29230,315,36,No
100512,55,50009,27995,643,48,Yes
100513,55,147581,31784,377,36,Yes
100514,56,130966,19605,645,48,No
100515,38,26782,22463,371,48,Yes
100516,59,112072,13419,569,12,No
100517,52,119352,38837,586,36,No
100518,44,45933,10263,365,12,Yes
100519,43,97154,45719,367,36,Yes
100520,52,28307,39131,492,12,No
100521,57,112207,42276,354,12,Yes
100522,32,126209,39523,678,12,No
100523,33,128297,5519,467,60,No
100524,43,95874,36106,708,12,No
100525,45,58346,49504,807,24,Yes
100526,55,132138,15514,836,24,No
100527,61,70772,12233,401,24,Yes
100528,50,92084,6102,721,48,No
100529,37,60149,5597,777,12,No
100530,40,106700,24657,419,24,Yes
100531,45,47526,43549,590,48,Yes
100532,42,116758,48565,787,24,No
100533,33,105712,11256,460,36,No
100534,39,148447,48148,377,60,Yes
100535,56,88477,34401,337,12,Yes
100536,32,25695,46548,693,60,Yes
100537,61,59169,11554,740,60,No
100538,39,67947,17664,839,36,No
100539,32,67224,47367,761,36,No
100540,29,65865,29386,593,36,Yes
100541,27,45553,9846,699,48,Yes
100542,48,124501,31205,391,24,Yes
100543,34,80410,30570,305,12,No
100544,51,123754,35255,570,36,No
100545,39,110895,26182,398,12,No
100546,36,44816,44373,825,12,No
100547,25,75026,48019,493,12,Yes
100548,55,70705,21043,456,36,No
100549,32,81922,40754,414,36,Yes
100550,45,135700,5400,695,24,No
100551,41,93914,24239,821,36,No
100552,56,21881,15416,513,36,No
100553,43,59567,8412,832,12,No
100554,36,67365,21440,314,24,Yes
100555,59,147928,29406,718,60,No
100556,62,99211,6875,667,36,No
100557,59,90122,42066,512,36,Yes
100558,34,45006,41536,304,60,No
100559,51,61198,10752,530,12,No
100560,25,42831,26217,500,24,No
100561,55,120649,17489,701,12,No
100562,43,36459,6353,448,48,No
100563,49,52443,31986,791,36,No
100564,63,62316,26371,525,48,Yes
100565,31,116131,44365,468,36,Yes
100566,38,84486,19691,451,48,Yes
100567,32,25877,9311,523,60,No
100568,29,59553,15794,803,36,No
100569,30,134137,7934,849,36,No
100570,64,24922,21406,343,48,Yes
100571,37,142778,15394,803,24,No
100572,58,137018,31872,540,48,Yes
100573,27,24686,46708,650,36,Yes
100574,33,52766,46093,322,36,No
100575,60,99943,25800,342,24,Yes
100576,62,52006,48397,765,12,Yes
100577,29,51422,42909,339,24,Yes
100578,47,136590,26352,602,12,Yes
100579,22,148886,41439,474,36,Yes
100580,25,32205,33312,831,60,No
100581,49,106590,45060,760,60,No
100582,57,43527,20438,492,48,No
100583,58,131483,28385,543,24,Yes
100584,39,38443,49999,579,24,No
100585,28,36524,23482,335,60,No
100586,21,136477,37471,839,12,Yes
100587,42,48202,48877,453,24,Yes
100588,37,85552,46212,322,12,Yes
100589,27,66142,18026,390,12,No
100590,45,81692,47089,689,12,No
100591,24,102384,24648,658,12,No
100592,56,40855,10435,849,48,No
100593,26,103747,13493,527,48,No
100594,51,80372,11691,501,60,Yes
100595,39,45095,7763,649,48,No
100596,64,58724,25389,337,24,Yes
100597,59,69241,36498,799,48,Yes
100598,47,123119,41009,342,24,Yes
100599,30,72003,40825,816,24,No
100600,46,88379,21934,367,12,No
100601,39,114837,10574,422,60,Yes
100602,59,111996,43179,635,12,No
100603,23,117454,6587,452,12,No
100604,33,114283,47782,461,48,No
100605,48,35972,43688,513,48,No
100606,40,143805,16688,675,24,No
100607,48,113846,9409,742,48,No
100608,28,42927,10783,722,48,No
100609,61,140589,38480,837,36,No
100610,59,135657,31751,529,24,No
100611,21,86630,43174,358,24,No
100612,23,124428,17041,395,36,No
100613,33,142035,28227,561,24,Yes
100614,48,72347,40201,653,60,No
100615,45,119708,41069,611,60,No
100616,53,146244,21654,435,36,Yes
100617,58,108860,31370,772,48,No
100618,26,106210,34482,729,60,No
100619,64,89518,16586,836,36,No
100620,52,65283,10322,445,60,Yes
100621,41,101326,18932,823,12,No
100622,36,32205,34299,386,36,No
100623,41,140243,30179,408,24,Yes
100624,31,109874,10257,722,60,No
100625,57,32748,14777,644,24,No
100626,56,41097,16249,565,36,No
100627,55,23092,26390,793,60,No
100628,39,73311,25369,632,24,No
100629,40,42692,17881,712,48,No
100630,38,144954,14587,490,48,Yes
100631,61,43862,33264,441,12,No
100632,34,110396,13791,372,36,No
100633,35,99507,46473,466,24,Yes
100634,51,100152,27375,467,12,Yes
100635,21,90469,27611,558,36,Yes
100636,23,24926,47026,738,48,No
100637,36,111299,12833,410,24,Yes
100638,43,23969,20754,830,60,No
100639,31,55733,47048,589,48,Yes
100640,32,89855,17577,809,60,No
100641,30,61743,36095,474,60,No
100642,52,59876,26248,601,24,No
100643,36,127445,40282,484,24,No
100644,28,40323,41737,638,60,Yes
100645,58,36428,36891,809,12,Yes
100646,32,54578,29124,609,60,No
100647,44,106486,9566,806,60,No
100648,48,128577,7196,645,24,No
100649,28,84140,36115,380,36,No
100650,48,146378,24859,673,48,No
100651,56,127325,16345,455,24,Yes
100652,46,103829,39077,731,12,Yes
100653,28,26364,5864,799,48,No
100654,48,148867,17055,446,24,No
100655,48,55349,43157,780,24,No
100656,57,20691,24747,734,36,No
100657,61,146899,49484,818,12,Yes
100658,56,115598,16978,368,12,No
100659,47,86467,29599,485,24,No
100660,37,65896,40771,503,36,No
100661,29,77062,22615,312,24,Yes
100662,53,117266,45727,573,60,Yes
100663,40,99762,49748,597,60,No
100664,33,33861,44349,350,36,No
100665,48,116837,34377,799,24,No
100666,49,133779,35031,668,36,No
100667,33,108302,47733,656,24,Yes
100668,55,121710,16760,302,24,No
100669,26,83928,38714,553,60,No
100670,38,126643,30762,774,48,No
100671,25,135720,39332,805,12,No
100672,45,103231,45100,555,12,Yes
100673,22,61347,9944,449,36,No
100674,30,23121,18877,787,12,No
100675,50,103793,34990,578,60,Yes
100676,25,48164,47907,358,48,No
100677,53,45491,39076,745,24,Yes
100678,21,79222,8258,412,24,Yes
100679,38,43165,36629,788,60,Yes
100680,52,134250,42579,706,12,Yes
100681,31,23748,27958,666,24,No
100682,41,118581,44465,359,12,Yes
100683,46,46553,25317,628,60,Yes
100684,45,136547,20775,768,24,No
100685,42,80380,16039,362,36,No
100686,47,64331,34097,483,48,Yes
100687,33,116033,39207,610,12,No
100688,53,116844,27553,837,12,No
100689,54,140617,49402,476,12,No
100690,61,59560,5055,728,12,No
100691,55,73865,28161,372,60,No
100692,21,66686,37873,466,60,Yes
100693,41,95910,40969,524,60,Yes
100694,26,24675,20184,308,60,Yes
100695,48,86706,5669,535,24,No
100696,37,126985,17663,327,60,No
100697,25,129021,30318,326,24,Yes
100698,51,144062,38734,849,36,Yes
100699,25,147359,21691,495,60,Yes
100700,58,97986,23522,502,36,Yes
100701,23,96216,16656,384,60,No
100702,43,30068,20893,329,36,No
100703,57,74460,21493,765,48,No
100704,57,120766,8632,398,36,No
100705,30,66418,35336,489,24,No
100706,30,46206,28112,311,12,Yes
100707,39,148180,43452,329,36,Yes
100708,37,20287,18266,337,12,No
100709,41,42337,21940,593,48,No
100710,34,40666,29003,659,48,No
100711,29,136595,37872,479,24,No
100712,21,21161,39815,411,24,No
100713,33,134817,35869,743,36,No
100714,24,141025,22257,320,60,No
100715,21,120667,21682,444,48,Yes
100716,60,110071,24622,798,12,No
100717,52,118064,35408,445,60,Yes
100718,54,58751,13837,740,48,No
100719,48,102063,20407,720,36,No
100720,51,126511,34309,615,48,No
100721,28,109389,11382,465,24,No
100722,59,34758,32654,502,12,No
100723,46,85780,23895,795,12,No
100724,54,135614,38551,767,24,No
100725,23,23178,26376,684,60,No
100726,32,51831,5370,613,24,No
100727,21,22176,5486,554,12,Yes
100728,64,123306,28762,322,36,No
100729,25,53654,31613,638,60,No
100730,50,143220,8196,792,48,No
100731,50,46627,47320,810,36,No
100732,37,72550,34401,665,60,Yes
100733,43,132025,40029,671,12,Yes
100734,35,64910,15813,518,12,No
100735,57,110417,46916,774,36,No
100736,41,78251,13572,722,60,Yes
100737,34,55422,33225,655,48,No
100738,22,31984,37275,759,48,No
100739,31,109312,11843,802,24,No
100740,59,81386,6105,326,36,No
100741,58,103291,48209,522,60,No
100742,54,27135,36639,447,36,Yes
100743,58,20320,47487,723,48,Yes
100744,54,122958,23051,650,60,Yes
100745,38,114171,33708,485,12,No
100746,50,41684,40459,714,12,Yes
100747,35,75913,16864,728,60,No
100748,47,108774,39764,340,36,Yes
100749,54,41889,6425,692,36,No
100750,58,115849,11849,378,12,Yes
100751,53,118071,41015,843,12,No
100752,44,68899,23976,749,48,No
100753,35,144011,39258,773,60,No
100754,50,30770,36113,441,36,No
100755,62,59321,20401,550,48,No
100756,37,105962,17884,593,36,No
100757,25,129863,23824,435,12,No
100758,49,61777,42563,783,60,No
100759,24,66250,39414,611,24,Yes
100760,30,93034,21142,345,60,No
100761,37,124940,10956,535,24,No
100762,30,60130,18928,347,48,No
100763,37,101931,14721,497,24,No
100764,40,69346,16157,383,24,Yes
100765,44,22537,40135,842,48,No
100766,25,104762,11696,460,60,Yes
100767,54,35216,32862,727,48,No
100768,26,104149,10190,370,12,No
100769,22,23009,9663,819,12,No
100770,33,109904,44830,351,24,Yes
100771,63,49327,9331,344,48,Yes
100772,63,34209,49648,592,48,Yes
100773,31,68443,33549,764,48,No
100774,43,35029,21246,849,60,No
100775,36,87613,30761,679,36,No
100776,51,99443,8262,777,36,No
100777,31,76997,12036,561,36,No
100778,36,122171,27322,478,60,Yes
100779,28,134456,24131,656,48,Yes
100780,24,82559,9677,718,36,Yes
100781,60,84892,12972,500,48,No
100782,24,90409,20329,312,24,No
100783,45,28635,42032,742,36,No
100784,23,53065,40901,585,24,Yes
100785,52,131399,49380,557,60,Yes
100786,23,140544,25493,847,12,No
100787,47,127340,23595,789,60,Yes
100788,49,53783,26923,797,60,No
100789,52,54152,14735,632,60,No
100790,39,78741,39457,331,36,Yes
100791,41,127049,47531,342,24,Yes
100792,25,71502,12727,650,36,No
100793,38,49092,12764,633,12,No
100794,48,37653,32599,569,60,No
100795,62,117999,5818,712,48,No
100796,42,119564,42289,318,12,Yes
100797,41,60469,38892,646,24,No
100798,26,143064,10660,336,12,Yes
100799,21,106483,34521,391,36,No
100800,25,141585,43409,484,48,Yes
100801,61,79754,39470,327,36,Yes
100802,32,49978,23385,847,60,No
100803,46,107592,28296,671,60,No
100804,54,114543,28616,829,12,No
100805,34,63169,31382,644,60,No
100806,46,68287,16139,718,60,No
100807,47,74745,37060,495,24,Yes
100808,29,130168,27419,377,24,Yes
100809,46,133985,32785,466,36,Yes
100810,42,140843,20702,389,36,No
100811,50,25543,34217,563,24,No
100812,63,76392,44291,771,12,Yes
100813,37,41067,17397,507,24,No
100814,46,71033,45879,570,36,No
100815,56,65256,40169,562,48,No
100816,21,110633,31940,805,60,No
100817,28,128383,47249,811,48,No
100818,55,129048,33341,823,48,No
100819,35,89345,15067,611,60,No
100820,42,42191,18824,473,24,No
100821,34,106803,18444,730,12,No
100822,46,92742,38307,762,48,No
100823,48,138843,15974,400,12,No
100824,43,106593,43383,315,36,Yes
100825,34,48992,34290,557,48,Yes
100826,44,132050,21016,543,36,Yes
100827,22,101531,37112,647,24,Yes
100828,46,68803,33513,548,48,Yes
100829,34,129975,7956,404,36,Yes
100830,27,83477,13077,586,36,No
100831,23,33210,41490,468,24,Yes
100832,43,103329,49827,719,12,Yes
100833,63,46270,42855,346,12,Yes
100834,38,82008,48106,342,48,Yes
100835,58,25197,39938,620,24,Yes
100836,55,133857,41159,520,48,Yes
100837,35,27452,44710,812,12,No
100838,45,61486,23000,740,24,Yes
100839,57,34859,18806,443,60,No
100840,48,47236,17809,327,24,No
100841,30,51899,19855,466,24,No
100842,59,52083,46876,548,60,No
100843,37,87708,34388,656,36,Yes
100844,59,131462,11458,410,36,No
100845,42,36663,40524,533,36,Yes
100846,46,113076,11853,323,12,Yes
100847,64,138665,45477,325,24,Yes
100848,45,39053,37222,680,60,Yes
100849,37,31085,23320,645,12,No
100850,33,50564,33618,677,60,No
100851,40,109745,22352,821,12,Yes
100852,45,79095,12297,316,12,Yes
100853,24,89517,32940,544,12,Yes
100854,30,41153,8203,838,60,No
100855,23,25247,44267,501,48,No
100856,61,30553,42941,547,12,Yes
100857,38,40811,22273,417,36,Yes
100858,56,115381,30368,308,24,No
100859,42,26135,16650,322,48,No
100860,54,25573,35984,539,48,Yes
100861,28,138819,46941,326,60,Yes
100862,60,144588,12382,380,48,Yes
100863,64,99267,5801,498,60,Yes
100864,39,27189,46002,391,60,Yes
100865,62,100077,24733,383,36,Yes
100866,61,63646,14969,599,12,No
100867,57,96623,40969,595,48,Yes
100868,26,131971,21733,753,12,Yes
100869,46,73687,37449,580,12,Yes
100870,54,88312,31143,358,12,Yes
100871,26,127615,30705,641,60,No
100872,57,47564,33363,764,12,No
100873,53,48835,35720,641,48,Yes
100874,42,81587,14972,361,60,No
100875,41,27697,38351,728,48,Yes
100876,26,100165,41145,555,60,Yes
100877,26,93922,27412,646,24,Yes
100878,24,37046,29078,825,24,No
100879,50,77823,27580,603,24,Yes
100880,31,93580,19855,544,24,Yes
100881,50,73370,41169,711,60,No
100882,51,29615,24569,516,12,No
100883,44,133338,30738,815,36,No
100884,29,25060,11772,773,36,No
100885,23,96436,29874,335,24,Yes
100886,51,80519,24731,477,12,No
100887,60,140562,15131,686,48,No
100888,57,91117,5788,316,12,Yes
100889,56,81158,21184,347,48,Yes
100890,44,54782,35897,361,36,Yes
100891,51,105709,7889,368,12,No
100892,26,98533,14569,665,12,Yes
100893,22,128939,26657,461,36,Yes
100894,40,78255,15141,787,12,No
100895,48,131952,24656,730,48,Yes
100896,31,92684,26618,788,12,Yes
100897,24,76918,16934,529,48,Yes
100898,35,146093,47537,669,24,Yes
100899,26,104284,28286,477,12,No
100900,50,99558,12612,709,48,No
100901,58,105549,37069,569,36,Yes
100902,22,124223,21205,505,24,No
100903,35,101422,32331,381,12,No
100904,31,140363,18934,492,48,Yes
100905,28,146352,15095,488,12,Yes
100906,46,45256,30958,575,48,No
100907,64,50005,42008,373,12,Yes
100908,25,26638,23706,309,24,Yes
100909,26,57419,48516,515,24,Yes
100910,46,53377,43066,589,12,No
100911,24,126244,36472,744,12,No
100912,39,63116,39629,492,60,No
100913,40,56634,28004,588,12,Yes
100914,53,102291,25431,443,12,Yes
100915,40,43382,45088,688,24,Yes
100916,32,135303,49135,706,12,No
100917,21,76063,43015,669,36,No
100918,46,42394,39502,740,12,No
100919,34,87789,36385,828,60,No
100920,58,123246,9663,312,48,Yes
100921,57,130634,43677,639,24,Yes
100922,31,20864,17818,611,36,No
100923,56,119572,27686,403,48,Yes
100924,33,60222,28977,638,36,Yes
100925,63,33666,45931,497,24,Yes
100926,23,143664,23454,599,60,No
100927,53,40955,18358,743,24,No
100928,26,130674,11668,658,36,No
100929,30,123533,45769,667,36,No
100930,25,101845,14921,468,24,No
100931,43,136925,39959,448,12,Yes
100932,30,89590,37328,341,24,No
100933,64,147775,13859,501,60,No
100934,22,86471,28970,543,24,No
100935,33,130476,13872,763,48,No
100936,60,108314,24230,748,12,No
100937,22,142579,31708,736,48,Yes
100938,40,63298,23847,830,24,No
100939,21,83108,32105,572,12,No
100940,57,133864,9922,729,48,No
100941,29,68924,9392,512,48,No
100942,37,36709,18541,403,12,Yes
100943,29,29726,24551,491,12,Yes
100944,31,80824,24381,679,36,No
100945,35,60542,40995,380,12,No
100946,44,40245,27948,848,24,No
100947,58,54753,31728,676,60,Yes
100948,55,99788,7024,453,36,No
100949,50,41316,21713,539,12,No
100950,51,122907,7486,673,60,No
100951,25,104698,6155,503,36,Yes
100952,64,35960,15082,649,24,No
100953,34,50791,42245,442,60,No
100954,31,127766,23569,488,12,Yes
100955,29,45216,12086,571,12,No
100956,54,52467,7317,831,24,No
100957,32,84427,41389,599,36,No
100958,55,132470,9491,725,60,No
100959,55,82047,20916,345,24,Yes
100960,21,93290,20248,394,36,No
100961,60,67014,7511,363,48,No
100962,42,24078,29226,712,48,Yes
100963,49,98389,30025,308,36,Yes
100964,28,70519,47314,758,12,No
100965,31,24042,12848,708,12,No
100966,61,69052,19274,769,48,No
100967,57,34389,35958,805,12,No
100968,34,115961,40233,372,12,No
100969,50,88111,21304,383,36,No
100970,55,125058,16294,358,36,No
100971,41,113715,31425,320,12,Yes
100972,57,70733,8175,757,36,No
100973,25,54754,45617,456,60,Yes
100974,39,38624,32775,628,48,No
100975,34,105886,14425,502,60,No
100976,46,46681,31013,405,60,No
100977,24,109524,32928,421,12,Yes
100978,45,101006,49990,617,12,No
100979,62,44704,46212,481,60,Yes
100980,45,124272,13210,615,60,No
100981,38,114913,7759,705,24,No
100982,60,114108,21091,369,24,Yes
100983,28,143731,5002,459,48,Yes
100984,59,27493,45958,539,60,Yes
100985,60,89639,35160,822,36,No
100986,34,120380,25707,437,24,Yes
100987,52,74383,20248,794,12,No
100988,58,22994,10773,546,60,Yes
100989,53,89280,17786,842,36,No
100990,43,67234,20037,823,36,No
100991,35,67291,6885,542,36,No
100992,53,148674,44828,635,12,No
100993,45,112868,21331,721,24,No
100994,37,25594,45612,493,36,No
100995,53,125835,27495,607,24,Yes
100996,22,27371,18450,805,48,No
100997,34,67315,14491,580,12,Yes
100998,60,103564,14268,738,24,No
100999,60,147251,32757,782,24,Yes
101000,59,121448,46907,522,36,No
101001,26,99526,11791,416,36,No
101002,26,132387,44939,491,12,No
101003,23,36626,33314,815,24,No
101004,27,106005,33583,829,60,Yes
101005,28,126258,26550,606,36,No
101006,62,125573,5093,831,36,No
101007,35,27130,40755,421,48,No
101008,49,26828,14967,453,12,No
101009,53,77514,21218,836,24,No
101010,50,127148,48220,751,24,No
101011,59,132524,13627,468,24,Yes
101012,47,124635,9947,358,36,Yes
101013,56,72664,44419,600,12,Yes
101014,49,131701,28178,849,24,No
101015,58,37883,33876,416,60,Yes
101016,53,63059,27908,426,48,No
101017,57,104078,40912,704,48,Yes
101018,47,62932,24971,698,24,No
101019,53,149900,37584,814,36,No
101020,24,81269,13959,797,48,No
101021,42,139850,33261,827,48,Yes
101022,22,95986,46065,697,48,No
101023,30,105959,44462,564,48,No
101024,25,22035,20835,562,24,No
101025,30,129767,24257,697,12,No
101026,53,60745,8346,826,12,No
101027,58,37241,35807,735,36,No
101028,33,72975,35418,659,60,No
101029,51,43154,16340,428,12,No
101030,56,45625,38012,540,60,Yes
101031,44,64950,40393,521,12,Yes
101032,35,118602,41617,513,12,Yes
101033,49,76396,14597,434,36,Yes
101034,28,119227,30557,685,48,No
101035,25,138920,12737,602,36,Yes
101036,49,33331,49768,586,12,Yes
101037,24,83927,46101,488,48,Yes
101038,32,106226,22276,596,48,No
101039,22,104719,12310,825,48,No
101040,47,83014,40167,688,60,No
101041,51,59346,42408,758,12,No
101042,56,90411,24344,560,24,Yes
101043,56,74478,15391,412,36,No
101044,46,32254,15892,335,60,Yes
101045,63,75734,16197,378,36,Yes
101046,47,48621,18050,574,24,Yes
101047,25,136490,41142,577,48,No
101048,40,96441,46615,611,24,No
101049,31,66121,48728,828,36,No
101050,30,147386,18535,503,24,No
101051,60,101418,46002,316,12,Yes
101052,58,80197,48271,775,24,No
101053,26,104577,10122,810,12,No
101054,28,114634,14852,509,24,No
101055,43,138034,10387,798,12,No
101056,46,62431,36759,701,12,Yes
101057,63,137637,45399,728,24,Yes
101058,32,119245,44994,377,60,Yes
101059,46,120211,42876,379,48,Yes
101060,33,24837,39878,605,48,Yes
101061,60,131984,38725,357,48,No
101062,38,110025,12146,829,12,No
101063,45,103163,5560,507,48,No
101064,53,91232,6312,810,12,No
101065,60,68994,23205,434,60,No
101066,63,99079,16595,821,24,No
101067,32,32615,27030,382,24,No
101068,64,21466,26329,343,12,Yes
101069,56,50771,43142,782,12,Yes
101070,24,138645,7651,792,60,No
101071,25,103886,15006,798,48,No
101072,57,85911,47701,317,60,Yes
101073,28,118566,40645,593,24,Yes
101074,62,40746,26966,447,24,Yes
101075,48,108422,32846,771,48,No
101076,51,129884,26774,471,24,Yes
101077,29,80739,9083,830,12,No
101078,49,128440,38513,419,24,No
101079,34,118187,13749,365,36,Yes
101080,60,93369,35783,440,48,No
101081,61,21893,22325,745,48,Yes
101082,42,50573,23680,805,48,Yes
101083,31,116907,22323,488,36,Yes
101084,43,60874,27684,457,60,No
101085,21,97362,39493,545,12,No
101086,57,119956,17213,332,48,Yes
101087,41,107460,36831,660,24,Yes
101088,46,147021,47296,629,12,Yes
101089,56,138580,32713,811,24,No
101090,43,53367,46621,370,12,No
101091,21,41199,12187,612,12,No
101092,60,136600,37800,378,24,Yes
101093,35,111404,37583,468,24,Yes
101094,41,94328,19408,479,12,Yes
101095,29,77724,27369,559,48,Yes
101096,29,106133,8414,785,24,No
101097,30,56405,24510,304,36,Yes
101098,46,118232,17120,596,36,Yes
101099,61,128659,39311,659,12,No
101100,55,35989,38039,416,60,No
101101,45,48931,10295,656,12,No
101102,46,29290,25460,738,12,No
101103,31,58367,19963,630,48,No
101104,58,141136,16580,824,48,No
101105,22,99878,27286,487,60,No
101106,27,110477,32328,580,60,Yes
101107,38,99481,24093,810,60,No
101108,47,96298,26605,765,60,No
101109,54,146299,49813,414,60,Yes
101110,47,50133,47705,535,12,Yes
101111,37,132616,11722,637,12,Yes
101112,63,125686,45969,821,36,Yes
101113,64,47052,41912,498,36,Yes
101114,44,127286,43374,349,24,Yes
101115,45,105489,11766,441,12,Yes
101116,27,60475,20928,827,60,No
101117,26,102666,26274,813,24,No
101118,44,116622,39416,329,48,Yes
101119,53,77656,25612,381,12,No
101120,49,24633,39898,330,36,Yes
101121,63,37304,34047,632,12,No
101122,42,127573,48356,476,12,Yes
101123,46,117820,42134,669,12,No
101124,48,66546,6506,846,12,No
101125,41,27008,20222,834,48,No
101126,27,68291,17363,405,36,Yes
101127,37,47405,24613,396,12,Yes
101128,40,137069,49563,529,48,Yes
101129,61,56386,35628,526,24,No
101130,40,110909,47626,670,12,Yes
101131,42,40827,9136,399,48,Yes
101132,48,53040,16161,744,60,No
101133,60,80354,40457,767,24,Yes
101134,27,98543,28574,354,36,Yes
101135,21,38157,31902,494,12,Yes
101136,52,117693,7810,819,12,No
101137,33,55315,16663,723,48,No
101138,50,55932,11152,614,36,No
101139,43,41164,5012,427,60,Yes
101140,39,34414,16162,331,24,No
101141,52,147597,27322,392,36,Yes
101142,50,34327,12999,818,12,No
101143,49,133880,12219,557,48,No
101144,49,20946,10328,519,60,Yes
101145,50,34693,8621,405,48,No
101146,36,47241,29256,847,24,Yes
101147,60,135194,49433,715,36,Yes
101148,39,115790,16314,608,48,No
101149,38,35540,5652,665,48,No
101150,21,92255,21182,820,12,No
101151,34,84757,46580,758,48,No
101152,22,61203,41558,669,60,No
101153,48,45081,20659,630,36,No
101154,50,81861,39413,310,24,Yes
101155,58,31350,15435,806,48,No
101156,24,75512,33067,718,60,No
101157,21,76809,27258,421,24,No
101158,28,121894,33287,534,60,No
101159,49,117557,8688,630,48,No
101160,59,62832,12689,842,48,No
101161,23,48369,6379,647,36,No
101162,52,51728,42011,711,12,No
101163,30,37576,48005,523,60,Yes
101164,30,49001,32624,452,12,No
101165,39,147625,30964,511,12,No
101166,54,103384,27891,391,24,No
101167,53,20390,43379,630,24,No
101168,43,107535,17516,766,60,No
101169,48,65436,18886,527,12,No
101170,52,31569,25307,493,36,No
101171,27,33029,29843,829,12,Yes
101172,49,42490,10912,542,24,Yes
101173,28,65875,26514,688,12,No
101174,21,143552,26823,575,48,No
101175,23,120864,33797,749,48,No
101176,44,25867,11449,777,36,No
101177,43,100820,6725,779,60,No
101178,28,119515,20870,587,12,No
101179,57,29121,14304,839,48,No
101180,23,21539,12522,629,60,No
101181,53,111024,18663,769,48,No
101182,48,37027,9784,833,60,No
101183,28,147402,14472,766,60,No
101184,54,94229,33952,719,48,Yes
101185,55,28921,15055,421,24,Yes
101186,52,70435,34508,607,60,Yes
101187,44,142368,17676,633,12,Yes
101188,34,30310,30192,719,48,No
101189,52,83965,29722,625,24,Yes
101190,63,142033,12446,549,48,No
101191,36,131048,9725,394,36,No
101192,24,116444,25061,595,12,Yes
101193,57,89922,27671,483,36,No
101194,41,117799,6409,559,60,No
101195,34,113948,13205,485,60,No
101196,51,102839,21365,708,36,No
101197,38,32242,5256,368,36,No
101198,27,137027,20704,307,60,Yes
101199,30,132561,34902,564,24,No
101200,27,28947,40758,783,12,Yes
101201,53,132250,6195,670,48,No
101202,43,91466,39012,382,36,Yes
101203,41,123706,16415,510,12,Yes
101204,39,140351,44534,612,48,Yes
101205,39,144749,26686,636,48,No
101206,56,81816,16662,789,36,No
101207,49,68785,33743,702,24,Yes
101208,38,139963,37161,490,24,No
101209,22,20507,48081,634,12,No
101210,21,86972,7402,821,12,No
101211,25,47151,18275,386,60,No
101212,40,31618,33182,361,24,Yes
101213,31,94286,19915,686,12,Yes
101214,62,36122,5909,445,60,No
101215,22,27354,5372,452,48,No
101216,23,129598,27620,648,12,No
101217,43,50979,39112,477,60,Yes
101218,32,106436,13515,786,24,No
101219,40,99376,7431,546,48,No
101220,25,72774,26054,553,12,No
101221,57,122703,37624,799,24,Yes
101222,58,25037,15585,840,48,No
101223,50,48633,36958,651,36,No
101224,29,44495,6695,811,24,No
101225,54,84550,39675,312,36,Yes
101226,64,101384,38787,450,12,Yes
101227,55,56483,49225,349,60,Yes
101228,42,133181,6403,514,12,No
101229,64,93373,22810,671,24,No
101230,44,54069,13855,412,36,Yes
101231,37,27370,43636,551,36,No
101232,30,139873,15839,640,48,No
101233,50,136843,5010,352,12,Yes
101234,43,91947,44098,429,12,Yes
101235,52,59133,14230,492,24,Yes
101236,37,116035,45232,356,36,Yes
101237,37,115761,40771,396,24,No
101238,34,133753,34256,497,24,Yes
101239,29,20692,30651,446,36,No
101240,60,48926,37383,594,24,Yes
101241,22,119782,44963,311,36,Yes
101242,45,124700,18662,632,24,No
101243,59,93984,18739,519,60,No
101244,29,63390,6789,697,24,No
101245,42,69593,24420,641,24,No
101246,63,95609,28761,811,60,No
101247,24,120950,45366,471,12,Yes
101248,46,25209,42606,767,36,No
101249,49,146700,43640,465,48,Yes
101250,54,26533,49135,469,60,No
101251,43,106597,42067,811,12,Yes
101252,57,27211,22357,488,24,No
101253,31,29927,44851,419,12,No
101254,26,97463,43262,404,60,Yes
101255,38,137333,16317,340,24,Yes
101256,41,44594,26534,620,12,No
101257,62,94852,30734,634,48,Yes
101258,56,97713,40897,459,36,Yes
101259,61,96382,37872,563,36,No
101260,58,27933,45201,829,60,No
101261,54,123780,12689,776,24,No
101262,37,132157,8567,651,24,No
101263,57,60696,25732,844,36,No
101264,45,85449,25774,509,12,No
101265,58,87616,28195,795,24,Yes
101266,32,26089,42412,681,48,Yes
101267,43,76548,49098,780,48,Yes
101268,62,46123,27257,304,24,Yes
101269,42,27797,9394,333,24,Yes
101270,41,70013,41302,444,36,Yes
101271,47,28346,27228,650,60,Yes
101272,51,105414,17388,764,36,Yes
101273,26,53672,16319,647,60,No
101274,47,37653,11475,424,48,Yes
101275,60,69556,36555,570,60,No
101276,54,143723,23158,656,36,Yes
101277,32,128278,19728,826,24,No
101278,27,46140,49774,797,60,No
101279,30,21184,34545,452,36,No
101280,37,143626,36100,352,48,No
101281,46,54493,21150,448,60,No
101282,41,64148,38214,802,48,Yes
101283,48,44846,37876,749,48,No
101284,22,131361,8239,518,12,No
101285,63,42195,43699,576,60,No
101286,21,25606,41821,751,36,Yes
101287,56,23956,35615,727,60,No
101288,46,36555,18746,382,60,No
101289,49,110385,25921,517,48,No
101290,41,38690,27745,826,48,No
101291,31,78502,6245,703,48,Yes
101292,60,144586,29853,589,48,Yes
101293,31,68849,32632,719,36,No
101294,56,46347,17856,638,24,Yes
101295,59,118725,10105,718,12,No
101296,60,123844,40690,506,48,Yes
101297,55,111321,7513,564,48,No
101298,54,69056,7801,335,12,No
101299,44,83851,37345,672,48,Yes
101300,42,118234,18895,787,24,No
101301,25,101502,44749,558,60,No
101302,53,116633,13221,830,12,No
101303,56,101418,11038,322,36,Yes
101304,40,90211,37031,403,12,Yes
101305,39,61850,20082,540,24,No
101306,55,98545,19648,552,36,No
101307,63,47843,5364,441,60,No
101308,37,82320,39568,750,48,No
101309,63,49793,19110,606,12,No
101310,54,59516,10958,799,36,No
101311,29,124407,14096,307,12,Yes
101312,46,149045,12436,368,60,No
101313,22,37857,26177,367,12,Yes
101314,29,39627,31754,707,36,Yes
101315,29,81822,29544,817,24,No
101316,60,104101,17638,418,36,Yes
101317,37,111561,5179,330,12,No
101318,21,72248,8873,817,60,No
101319,45,75798,22570,782,48,No
101320,63,113368,22157,506,48,Yes
101321,60,64116,9460,686,60,Yes
101322,62,95318,5352,711,12,No
101323,45,124186,26586,669,60,Yes
101324,59,147119,10344,652,12,Yes
101325,55,107902,9507,635,36,No
101326,23,48557,42598,588,24,Yes
101327,57,91334,48988,439,12,Yes
101328,64,95163,37885,599,48,No
101329,64,126719,21865,312,48,No
101330,50,143099,42055,727,24,No
101331,58,98002,32213,699,12,Yes
101332,54,62614,9477,408,24,No
101333,32,32720,11533,784,36,No
101334,39,77608,28396,655,24,Yes
101335,57,127449,17755,448,36,No
101336,64,122828,5865,606,48,No
101337,37,146613,16173,832,36,No
101338,30,92095,43097,359,12,No
101339,32,125924,38371,734,12,No
101340,36,104694,43524,320,12,Yes
101341,44,116452,16254,681,12,No
101342,39,107593,9018,544,60,No
101343,28,55892,10192,372,36,No
101344,51,126975,7015,748,12,No
101345,41,97242,47618,375,24,Yes
101346,37,136041,8380,689,24,No
101347,43,146202,33343,641,60,Yes
101348,57,97606,8770,589,36,No
101349,36,143769,10829,630,36,No
101350,26,138542,39381,558,36,Yes
101351,28,126438,20545,725,60,No
101352,45,20924,23263,305,36,Yes
101353,38,71322,43140,305,36,Yes
101354,45,46478,48306,490,12,No
101355,32,91042,30675,447,36,Yes
101356,35,66418,30362,704,12,No
101357,46,82217,5148,557,12,No
101358,61,120699,6754,778,36,No
101359,46,110140,31745,389,24,Yes
101360,52,100846,12378,309,48,Yes
101361,30,93762,25140,386,24,No
101362,36,31781,14371,450,36,No
101363,27,25515,31999,329,36,No
101364,37,137358,17779,427,24,Yes
101365,43,56133,36075,377,36,Yes
101366,46,102508,35697,720,12,Yes
101367,41,117628,14795,354,60,Yes
101368,42,96946,43460,779,36,No
101369,27,105058,9218,604,36,No
101370,34,29095,42571,845,24,No
101371,35,108583,16672,404,12,No
101372,27,40470,36042,471,24,Yes
101373,29,63129,40950,798,24,No
101374,28,28531,16009,321,36,Yes
101375,43,57038,24544,586,12,No
101376,49,107939,34381,690,36,No
101377,38,62674,30287,448,36,No
101378,51,147572,7586,571,36,No
101379,50,114658,7648,598,36,No
101380,59,102476,45081,471,60,Yes
101381,55,49831,23101,346,48,Yes
101382,38,77174,26692,506,12,No
101383,62,31279,12407,752,60,No
101384,59,58220,22254,694,48,Yes
101385,37,80610,20234,600,48,Yes
101386,34,72719,27211,475,48,No
101387,51,144936,34480,409,60,Yes
101388,44,73051,29846,501,12,No
101389,55,92013,47503,467,24,Yes
101390,64,76652,20321,385,48,Yes
101391,54,85524,17646,350,24,No
101392,23,102936,27117,411,24,Yes
101393,57,26470,9893,762,36,No
101394,63,87598,14476,741,24,No
101395,60,61798,22270,570,36,No
101396,46,144517,26702,643,12,Yes
101397,43,73473,9382,482,12,Yes
101398,64,39880,6785,802,36,No
101399,59,120117,16735,309,12,Yes
101400,35,64439,35177,793,48,No
101401,24,140944,35712,533,12,Yes
101402,49,34308,21679,597,36,No
101403,42,111563,48013,543,48,Yes
101404,45,116256,40365,808,24,Yes
101405,33,55081,22064,650,24,No
101406,38,95242,35563,566,24,Yes
101407,53,70383,38092,500,36,No
101408,36,29837,31867,538,24,Yes
101409,62,124135,38754,633,12,No
101410,64,72151,24502,714,24,No
101411,22,138128,5760,783,60,No
101412,55,56824,29142,736,60,Yes
101413,62,53073,49653,545,24,Yes
101414,54,132651,46996,307,24,No
101415,50,117624,22290,451,60,No
101416,33,113648,10499,691,24,Yes
101417,33,46299,5364,510,48,No
101418,38,119993,24797,666,60,No
101419,52,78861,45795,385,36,Yes
101420,52,50063,37535,354,60,No
101421,55,89453,21105,745,12,Yes
101422,59,141768,12939,603,48,No
101423,49,143299,18936,431,36,No
101424,49,88472,47029,720,24,Yes
101425,64,122166,20863,684,12,No
101426,36,34506,17561,497,12,No
101427,64,114341,15447,346,48,Yes
101428,30,99854,35624,502,36,No
101429,50,133604,49646,560,12,Yes
101430,45,46026,17411,323,36,Yes
101431,59,47672,24465,639,36,Yes
101432,40,58417,43216,711,12,Yes
101433,25,72413,24642,560,36,Yes
101434,21,144044,36262,585,48,Yes
101435,50,85066,35363,812,12,No
101436,23,79213,7107,385,48,No
101437,34,70971,12928,729,48,No
101438,50,47281,24317,330,36,Yes
101439,24,133978,30017,739,36,Yes
101440,38,48091,18528,648,12,No
101441,57,70494,18313,711,24,No
101442,45,123864,6559,827,12,No
101443,21,133755,20167,609,48,No
101444,35,38610,20343,695,36,No
101445,29,21079,43598,637,48,Yes
101446,35,115386,12523,736,60,No
101447,44,66751,33439,664,60,Yes
101448,24,106126,20524,412,48,Yes
101449,32,75432,18285,475,24,Yes
101450,57,50951,15973,448,24,No
101451,57,100863,27694,477,12,Yes
101452,63,98291,40774,681,12,No
101453,26,145659,9302,522,12,No
101454,59,79872,27391,558,36,Yes
101455,44,27235,9611,488,24,No
101456,31,102733,14372,605,48,No
101457,33,82712,29312,677,60,Yes
101458,54,41473,19080,642,24,No
101459,45,87567,20082,455,24,Yes
101460,27,126818,47861,354,24,Yes
101461,24,145849,35677,741,12,No
101462,28,127399,25874,499,36,No
101463,40,144421,13378,702,48,No
101464,49,99823,6597,476,12,Yes
101465,30,124215,16600,748,36,No
101466,63,129999,8747,840,24,No
101467,54,52230,18879,600,36,Yes
101468,46,104573,18017,606,12,No
101469,61,112588,29815,566,24,No
101470,23,88876,23964,513,12,Yes
101471,26,60644,33812,782,48,No
101472,25,68664,45200,561,24,Yes
101473,25,65203,29714,366,36,Yes
101474,43,86677,23890,432,12,No
101475,29,45425,9725,839,60,No
101476,55,143246,48205,811,36,Yes
101477,40,104817,25684,510,36,Yes
101478,62,127585,31325,552,24,No
101479,55,105961,37542,337,36,Yes
101480,38,120342,18092,342,12,Yes
101481,37,145740,35382,704,60,No
101482,44,117649,44770,345,48,Yes
101483,23,89806,30457,753,60,No
101484,52,62814,11131,604,12,No
101485,55,90219,30215,532,24,Yes
101486,58,69646,17612,544,12,Yes
101487,33,59884,42305,594,36,No
101488,45,115345,18091,682,24,No
101489,29,146062,40103,457,48,Yes
101490,24,120088,42089,704,48,Yes
101491,34,138198,34759,300,12,Yes
101492,57,89322,5559,516,36,No
101493,54,41650,5713,806,48,No
101494,31,114242,42361,329,60,No
101495,61,29190,20184,819,24,No
101496,23,58196,20261,574,60,Yes
101497,48,59449,25372,791,48,No
101498,49,59661,37140,335,48,No
101499,29,49709,38024,610,12,Yes
101500,23,130965,37544,343,12,Yes
101501,45,100428,5037,454,24,No
101502,54,95179,48032,376,12,Yes
101503,32,29943,17697,737,36,No
101504,62,63240,46420,731,24,Yes
101505,29,65760,36707,841,36,No
101506,35,41042,31016,338,12,Yes
101507,60,141770,39600,538,24,Yes
101508,45,63894,28984,312,48,Yes
101509,25,26869,10167,421,60,No
101510,31,81078,5432,443,48,No
101511,54,76759,9151,754,36,No
101512,44,125973,11411,667,48,No
101513,35,64306,35788,546,48,Yes
101514,58,128369,31623,344,60,Yes
101515,28,75371,27104,674,60,No
101516,25,40918,5256,590,48,No
101517,46,48379,38439,506,60,No
101518,38,140667,38257,818,48,No
101519,26,128475,44657,541,24,Yes
101520,57,110810,49674,413,48,No
101521,33,103232,23066,601,12,Yes
101522,48,22962,37746,575,60,Yes
101523,25,33851,7460,395,60,Yes
101524,33,137626,42297,593,36,No
101525,37,65747,39743,659,36,Yes
101526,60,145180,8216,587,12,No
101527,52,72349,19267,453,60,No
101528,49,90832,14581,722,60,No
101529,23,76356,9515,349,36,No
101530,60,34745,27076,506,36,No
101531,54,25730,49816,512,48,No
101532,60,33921,14776,365,60,No
101533,47,118430,26947,531,60,No
101534,33,91138,7963,619,48,No
101535,53,103111,11786,436,60,No
101536,26,39023,18866,364,12,Yes
101537,44,65349,43968,813,36,No
101538,39,146796,37305,431,36,Yes
101539,36,101533,22360,633,36,No
101540,60,103286,45113,331,24,Yes
101541,48,61979,37813,797,12,No
101542,53,42837,6193,542,12,No
101543,61,34997,9512,491,48,No
101544,33,124975,27666,441,24,No
101545,63,108603,21630,490,60,Yes
101546,45,65039,13983,448,12,No
101547,62,147394,5636,715,24,Yes
101548,56,40923,8775,819,24,No
101549,47,28876,7421,315,12,No
101550,58,80973,18025,405,48,Yes
101551,27,22887,14280,582,24,Yes
101552,25,83723,41951,403,36,No
101553,63,62422,16351,660,24,No
101554,51,122390,43091,334,60,Yes
101555,43,71413,35171,412,12,Yes
101556,62,122484,8644,607,60,No
101557,30,22841,21142,352,48,Yes
101558,52,144647,12773,380,36,No
101559,63,48756,33466,668,12,Yes
101560,50,91576,15778,541,24,No
101561,59,138248,17501,330,36,Yes
101562,51,30304,7108,660,24,No
101563,38,50341,34369,532,48,No
101564,56,24758,41382,333,12,Yes
101565,22,37010,30818,542,48,No
101566,34,147039,15251,358,48,No
101567,33,80758,28341,828,48,No
101568,49,51658,16678,377,48,Yes
101569,32,69002,19367,601,24,No
101570,59,123318,34672,411,60,Yes
101571,22,21375,9332,712,24,Yes
101572,52,119485,17002,616,36,Yes
101573,33,42092,25284,444,48,No
101574,47,20490,20700,317,36,Yes
101575,61,23729,18769,650,24,Yes
101576,37,25974,34318,454,48,Yes
101577,60,138222,29323,805,24,No
101578,51,105216,32610,659,48,Yes
101579,54,103860,11963,631,24,No
101580,44,147288,12838,827,12,No
101581,55,116870,17243,311,60,No
101582,26,41398,32939,374,60,No
101583,39,54650,6845,511,48,No
101584,50,41292,21766,582,12,No
101585,27,121291,41880,494,36,Yes
101586,30,123889,17780,329,12,Yes
101587,61,23159,47856,308,48,Yes
101588,52,118162,6509,608,12,No
101589,54,82766,28957,744,36,No
101590,48,114887,39346,609,48,No
101591,35,122834,22263,725,60,Yes
101592,50,37065,31148,390,12,Yes
101593,57,41638,36533,755,60,Yes
101594,49,21073,47608,743,60,Yes
101595,42,66511,17931,378,24,Yes
101596,24,104307,6359,774,36,No
101597,40,145274,29532,402,12,Yes
101598,52,120997,25344,755,60,No
101599,56,127866,9242,613,60,Yes
101600,24,49320,25601,546,36,No
101601,47,89876,24116,533,60,No
101602,37,54924,40477,534,60,No
101603,32,101720,35782,686,60,No
101604,42,60734,23880,337,60,Yes
101605,37,88116,8499,460,24,Yes
101606,30,60025,36587,761,24,Yes
101607,21,114503,49458,748,48,Yes
101608,42,22159,31020,416,12,No
101609,46,68940,13080,540,36,Yes
101610,38,99436,28207,325,48,Yes
101611,34,96976,38957,597,24,No
101612,49,34678,18908,453,24,No
101613,32,81075,35652,767,24,No
101614,56,67204,35344,348,48,Yes
101615,55,32021,30034,345,24,No
101616,32,26772,30788,584,48,No
101617,27,87163,17751,381,24,Yes
101618,49,129968,38793,343,60,No
101619,31,93755,37839,572,60,No
101620,53,43464,43314,693,12,Yes
101621,26,71137,40453,357,24,Yes
101622,35,50232,14385,300,12,Yes
101623,52,81497,23232,515,48,Yes
101624,31,128017,48344,616,12,No
101625,43,94024,39790,527,24,Yes
101626,46,120485,20831,772,48,No
101627,54,129898,25125,783,48,No
101628,54,71448,22682,586,60,No
101629,49,125468,41870,810,48,Yes
101630,24,104517,22288,757,48,No
101631,37,20901,40794,394,12,Yes
101632,55,107980,44477,792,48,Yes
101633,33,127594,29405,449,36,Yes
101634,61,103597,43737,322,60,No
101635,59,22881,7620,514,60,No
101636,35,49863,40414,698,48,No
101637,49,131362,42633,709,12,Yes
101638,49,25622,40057,430,60,No
101639,31,142740,45138,447,60,No
101640,52,21378,18854,680,36,Yes
101641,22,103168,14677,408,48,No
101642,34,113847,49111,420,60,Yes
101643,40,91186,29074,594,60,No
101644,42,65201,22824,419,60,No
101645,31,140767,5765,755,60,No
101646,47,127760,36615,829,12,Yes
101647,23,79251,41860,468,24,Yes
101648,37,92572,17975,442,36,No
101649,64,59255,14341,336,12,No
101650,48,83212,33141,560,36,No
101651,49,70210,17334,530,60,Yes
101652,41,145629,20835,553,36,No
101653,36,136736,31548,628,48,No
101654,57,42499,40434,596,48,Yes
101655,40,122552,30039,309,24,Yes
101656,26,71628,37530,745,24,Yes
101657,39,81360,43736,529,36,No
101658,25,24603,45409,835,12,No
101659,23,113309,23565,377,12,Yes
101660,21,147466,14834,724,60,No
101661,58,105473,41656,492,12,No
101662,35,32632,5840,700,24,No
101663,54,50607,18873,408,12,No
101664,55,111873,36568,562,60,No
101665,45,85756,15846,628,48,Yes
101666,44,66994,10899,662,12,No
101667,32,83382,25502,677,12,Yes
101668,38,90354,5565,640,24,No
101669,35,76344,43773,558,36,Yes
101670,64,73775,46924,634,48,No
101671,36,27349,48242,384,36,Yes
101672,47,91154,14187,821,60,No
101673,28,47464,12226,607,60,No
101674,45,62624,47147,561,36,Yes
101675,37,141897,43658,751,24,No
101676,49,146866,9311,550,24,Yes
101677,28,57344,49214,623,24,No
101678,35,145857,46616,528,48,Yes
101679,47,103791,30689,596,60,No
101680,27,44299,11083,536,60,No
101681,23,67975,17598,516,60,No
101682,49,21462,21940,545,48,No
101683,64,140209,31880,747,60,No
101684,44,101441,7580,618,36,Yes
101685,23,110456,47321,731,12,Yes
101686,40,101788,14386,703,48,No
101687,35,126540,24522,336,12,Yes
101688,45,60581,31224,641,36,No
101689,50,120372,19635,688,24,No
101690,34,91289,5671,333,24,Yes
101691,27,125541,38545,338,24,No
101692,37,34175,31855,508,48,No
101693,64,141704,40790,451,24,No
101694,40,26191,19260,664,48,No
101695,56,103434,6074,498,48,Yes
101696,29,104518,47676,378,12,Yes
101697,58,100158,14475,776,24,No
101698,42,86537,17878,733,60,No
101699,22,135721,20120,331,24,Yes
101700,44,67645,28147,386,24,Yes
101701,28,128536,6986,692,24,No
101702,31,43283,48593,543,60,Yes
101703,33,143153,37430,531,60,Yes
101704,37,106971,46961,491,48,Yes
101705,28,112759,22430,839,60,No
101706,41,79123,7176,569,48,No
101707,38,122780,23722,376,12,Yes
101708,50,50024,47815,466,48,Yes
101709,38,69630,23617,583,24,No
101710,51,50734,32115,388,36,No
101711,58,20515,42376,843,36,No
101712,52,130782,16906,455,24,No
101713,31,86727,45002,549,48,No
101714,45,117800,11610,394,24,Yes
101715,53,129164,48292,316,60,Yes
101716,58,66216,18411,416,48,No
101717,61,91833,14180,632,24,No
101718,28,78755,15073,821,60,No
101719,31,47856,42251,379,60,Yes
101720,42,134959,35960,731,48,No
101721,44,93870,10901,502,12,Yes
101722,61,44162,43897,415,12,Yes
101723,37,26008,48183,519,60,Yes
101724,32,27987,9482,552,12,No
101725,52,82532,47454,468,60,Yes
101726,35,116502,30428,615,12,Yes
101727,36,23332,12400,671,60,No
101728,42,86323,44574,455,60,Yes
101729,48,58990,48284,312,60,Yes
101730,40,29873,12396,807,60,No
101731,53,102542,12338,764,36,No
101732,30,105761,47718,519,12,Yes
101733,60,56444,17500,314,60,No
101734,52,55340,16545,416,24,Yes
101735,53,125219,10241,630,48,Yes
101736,22,25033,28778,355,24,No
101737,53,93324,27821,650,24,No
101738,53,35689,9695,431,36,Yes
101739,61,129756,16530,525,12,No
101740,33,107134,19318,607,36,No
101741,50,123016,27331,774,12,No
101742,53,115239,31355,521,60,Yes
101743,33,20066,16324,472,36,No
101744,46,134159,33149,639,48,Yes
101745,42,65246,8218,805,12,No
101746,59,27533,25141,456,36,Yes
101747,22,100639,41784,450,48,No
101748,58,90152,7837,477,24,No
101749,59,131581,44802,832,60,No
101750,46,135828,45077,411,60,Yes
101751,35,79658,19379,437,24,No
101752,54,58498,9239,532,36,No
101753,62,129028,49896,631,24,Yes
101754,64,31772,25812,841,48,No
101755,60,109385,34669,606,12,Yes
101756,31,69036,14611,460,36,No
101757,23,78531,9150,701,12,Yes
101758,26,139159,16109,577,24,No
101759,29,32940,39214,619,60,No
101760,26,138027,31016,832,12,No
101761,29,36932,16936,796,12,No
101762,59,115305,16036,662,60,No
101763,51,76827,44236,671,12,Yes
101764,52,81431,19021,335,12,No
101765,61,44648,41943,602,60,No
101766,32,132947,42848,737,60,Yes
101767,28,52966,20471,331,24,Yes
101768,28,47777,28244,485,24,No
101769,48,144661,43985,473,12,Yes
101770,40,52567,43440,549,36,Yes
101771,27,135259,6502,578,24,No
101772,31,37174,39178,301,24,Yes
101773,40,62598,8770,493,36,No
101774,36,144711,47865,465,36,No
101775,24,79199,9001,409,60,No
101776,26,33798,25946,679,24,No
101777,42,85364,5598,584,48,No
101778,46,37558,35316,720,48,No
101779,23,81084,30567,412,12,Yes
101780,61,64237,31508,527,24,No
101781,62,85497,48744,770,48,Yes
101782,34,20178,44159,827,24,Yes
101783,31,136932,35276,795,24,No
101784,38,106006,28671,330,48,Yes
101785,32,37118,21450,461,24,No
101786,43,42616,19908,677,36,No
101787,32,20798,49358,745,12,No
101788,33,27601,40518,726,60,Yes
101789,45,45363,36212,803,48,No
101790,39,22795,47684,826,60,Yes
101791,56,117462,11806,831,12,No
101792,28,65264,44197,819,36,No
101793,49,122892,45891,333,36,Yes
101794,52,92833,23015,789,36,No
101795,64,149688,44220,722,36,No
101796,38,23084,22158,767,48,No
101797,26,115865,20456,323,48,No
101798,38,96646,32588,515,24,Yes
101799,39,20731,27491,354,24,No
101800,42,21129,29188,325,12,Yes
101801,57,48022,32079,580,24,Yes
101802,52,21605,9019,626,12,No
101803,61,97506,17419,485,12,Yes
101804,23,129241,38697,794,12,No
101805,48,64130,24396,311,36,Yes
101806,30,49265,44032,733,60,No
101807,55,52330,34892,507,60,No
101808,49,88469,12973,432,48,No
101809,35,35187,47465,638,12,Yes
101810,53,45791,26113,495,36,Yes
101811,27,110436,16136,561,24,Yes
101812,32,90610,24203,581,24,Yes
101813,50,132341,36285,668,48,No
101814,41,111962,28039,402,48,Yes
101815,51,59867,6184,482,12,No
101816,44,136178,27727,722,12,Yes
101817,40,20893,21911,308,24,Yes
101818,57,119694,5916,543,24,No
101819,24,39773,8574,692,24,No
101820,48,24239,41087,826,24,No
101821,64,40863,22790,336,60,Yes
101822,40,71415,22625,477,12,No
101823,44,88968,10206,371,12,No
101824,52,120675,24517,651,24,No
101825,61,80430,42696,448,36,Yes
101826,56,139000,21105,404,24,No
101827,54,21515,40656,520,48,Yes
101828,56,117206,7690,673,36,No
101829,22,134210,41859,817,48,No
101830,35,124630,5690,559,36,No
101831,54,34605,30103,598,48,No
101832,56,76240,39263,341,24,Yes
101833,26,25586,16085,791,24,No
101834,59,121221,30825,738,36,No
101835,62,140419,15720,346,48,Yes
101836,32,142374,43641,384,60,No
101837,23,134205,42271,357,36,No
101838,38,51186,16720,508,36,No
101839,60,46928,5897,547,12,No
101840,41,118264,22094,510,36,Yes
101841,35,103087,41463,338,60,No
101842,53,142990,40454,551,24,No
101843,55,107029,28572,712,48,No
101844,46,40711,43546,745,12,No
101845,28,74962,20150,351,48,Yes
101846,56,40039,21799,673,24,No
101847,50,56561,14663,825,36,Yes
101848,43,95483,41948,455,60,Yes
101849,62,117871,42030,841,12,Yes
101850,64,101395,32007,389,60,No
101851,34,108658,40283,650,60,Yes
101852,34,21577,30671,368,60,Yes
101853,22,127792,30385,462,60,No
101854,57,48350,16236,541,24,No
101855,25,136908,27024,794,60,No
101856,58,127468,44384,682,60,Yes
101857,61,53798,22376,351,24,No
101858,34,117434,42138,362,48,Yes
101859,59,101417,23157,808,24,Yes
101860,45,30785,24945,591,36,Yes
101861,40,92227,41584,390,24,Yes
101862,22,138680,28017,723,48,Yes
101863,59,81957,6756,664,36,No
101864,26,85431,40141,449,36,Yes
101865,37,37297,7576,570,12,No
101866,45,91894,30467,415,60,Yes
101867,48,136869,41952,815,36,Yes
101868,22,83772,36205,540,36,Yes
101869,55,39581,40165,329,48,No
101870,57,75192,17674,442,36,No
101871,25,21462,48094,625,48,No
101872,21,148848,48314,315,60,Yes
101873,60,84173,27353,410,12,No
101874,32,35511,34849,406,12,Yes
101875,56,96106,9535,678,60,No
101876,43,68665,46936,461,60,Yes
101877,51,64414,22118,582,24,No
101878,31,101010,5632,568,36,No
101879,30,92573,18280,783,36,No
101880,23,113665,19746,372,36,Yes
101881,34,127803,42036,496,48,Yes
101882,36,139682,24285,542,24,Yes
101883,30,33386,23047,558,36,Yes
101884,49,144069,15207,448,48,No
101885,30,74460,10591,689,48,Yes
101886,32,26221,32757,715,12,Yes
101887,50,43474,21226,725,48,No
101888,61,126073,34732,516,60,Yes
101889,21,135375,32206,385,48,Yes
101890,25,132660,25256,515,60,Yes
101891,40,41045,38822,722,60,Yes
101892,28,111319,46340,619,12,Yes
101893,63,136582,48351,417,12,Yes
101894,32,125693,45775,714,48,Yes
101895,21,24922,14784,339,12,No
101896,40,131943,42029,460,12,Yes
101897,48,42706,40157,836,36,No
101898,63,62771,24937,719,48,Yes
101899,57,72335,16219,394,48,Yes
101900,57,118015,14399,741,48,No
101901,32,72949,38312,765,12,Yes
101902,57,90714,32657,587,12,No
101903,64,115558,25047,711,60,No
101904,48,35240,40007,699,24,No
101905,35,111756,15559,827,24,No
101906,26,122272,25157,317,24,Yes
101907,64,22716,40395,435,36,No
101908,40,36574,11618,763,12,No
101909,34,131815,49891,547,60,Yes
101910,22,103255,11780,300,60,No
101911,29,93717,32050,680,24,Yes
101912,57,131299,13015,808,36,No
101913,40,64066,8130,759,36,No
101914,46,135066,33083,804,24,No
101915,49,81826,21480,775,24,No
101916,21,40213,40476,331,12,Yes
101917,55,91916,43165,417,36,Yes
101918,26,86151,16528,483,60,No
101919,57,148518,10914,490,24,Yes
101920,25,137018,42136,373,12,Yes
101921,53,149024,16179,402,60,No
101922,34,70906,25472,719,36,Yes
101923,32,20463,17076,772,24,No
101924,62,51973,29783,413,24,Yes
101925,40,94694,18824,678,12,No
101926,44,40651,9299,612,12,No
101927,63,88694,13118,629,36,Yes
101928,54,40008,15756,638,24,Yes
101929,45,131738,12953,537,12,Yes
101930,49,90474,42552,472,24,Yes
101931,59,58185,20185,378,36,No
101932,51,107924,46792,763,24,No
101933,63,94417,19674,800,60,No
101934,43,145502,49476,584,24,Yes
101935,64,91139,38927,522,48,Yes
101936,58,54980,5386,565,48,No
101937,40,42504,31617,672,36,No
101938,43,74970,12192,532,36,No
101939,36,36766,15745,535,36,No
101940,62,136944,35020,613,60,Yes
101941,28,113922,47678,679,60,No
101942,41,31695,26159,719,24,Yes
101943,21,37796,8409,351,12,No
101944,28,62543,30745,808,48,No
101945,49,34559,34455,504,48,Yes
101946,52,124450,43910,556,48,No
101947,58,53139,43735,484,24,No
101948,25,140494,34166,444,24,No
101949,42,123869,44973,313,36,Yes
101950,54,28802,33072,545,12,Yes
101951,21,93843,17109,486,36,No
101952,46,60205,7484,636,24,No
101953,63,118750,39622,558,60,Yes
101954,30,54159,49399,339,36,Yes
101955,50,31516,7597,717,24,No
101956,38,70492,45597,650,24,Yes
101957,37,49086,45954,308,60,Yes
101958,46,133758,8983,649,60,Yes
101959,28,50480,44452,383,60,Yes
101960,60,72091,48151,832,12,No
101961,32,148023,22040,657,24,Yes
101962,47,130195,49772,677,60,No
101963,28,67766,35554,471,12,Yes
101964,45,58737,32916,324,48,Yes
101965,24,29265,49871,692,48,No
101966,53,134165,31372,402,48,No
101967,21,139501,44080,535,24,Yes
101968,39,138257,45706,709,12,No
101969,51,90990,47722,848,12,No
101970,36,121454,34048,631,48,No
101971,34,111717,24669,831,36,No
101972,25,35386,14777,328,48,Yes
101973,61,124718,41331,842,24,No
101974,46,57425,25968,318,48,Yes
101975,48,141635,42809,447,48,No
101976,22,63254,16292,770,12,No
101977,26,109863,45794,790,48,No
101978,29,138350,18923,582,60,Yes
101979,53,73634,32703,412,60,Yes
101980,61,106717,23657,754,36,Yes
101981,45,67662,8629,629,24,Yes
101982,33,106988,7114,554,24,No
101983,29,123784,39445,698,12,No
101984,33,126337,40862,807,24,No
101985,51,119287,30574,765,36,No
101986,61,107527,37349,706,60,No
101987,31,126847,27257,397,12,Yes
101988,24,95452,40052,589,60,Yes
101989,54,30143,42820,455,36,Yes
101990,58,111391,22973,461,12,No
101991,24,35581,30737,396,48,Yes
101992,58,87443,17047,676,24,Yes
101993,39,49424,27113,749,36,No
101994,26,108844,5694,416,12,No
101995,54,61984,20588,805,60,No
101996,38,61505,25067,488,12,No
101997,33,132061,11704,775,48,No
101998,61,122478,45136,622,36,Yes
101999,43,82699,6971,479,12,No
102000,39,46957,45823,480,36,No
102001,31,45464,16441,586,36,Yes
102002,21,134012,36476,774,60,No
102003,44,43649,19677,561,24,Yes
102004,27,62065,32818,822,48,No
102005,45,112661,6868,461,12,No
102006,41,54758,23055,786,24,No
102007,35,25596,6728,480,60,No
102008,21,36374,12632,768,24,No
102009,32,138686,17043,320,36,Yes
102010,27,23775,11403,574,36,No
102011,35,47388,20732,559,48,No
102012,41,143800,23526,632,12,No
102013,39,41029,14340,765,12,No
102014,49,103981,43952,415,60,Yes
102015,45,73639,27394,712,48,Yes
102016,53,134010,38021,836,12,No
102017,52,34645,9102,556,36,No
102018,55,51105,41310,467,48,No
102019,64,33668,24159,832,24,No
102020,58,147949,11212,314,48,No
102021,46,35960,36824,349,48,Yes
102022,31,146519,42405,603,12,No
102023,55,31357,16525,786,60,No
102024,28,84604,33760,715,60,No
102025,34,122739,49239,604,12,No
102026,30,71796,32457,495,12,Yes
102027,22,35804,15532,687,12,Yes
102028,29,147732,18518,754,60,No
102029,23,135733,11476,609,12,No
102030,41,34626,24743,426,24,Yes
102031,46,48132,6004,474,24,No
102032,28,27951,48054,433,36,No
102033,22,26449,42485,365,24,Yes
102034,26,39065,8271,692,48,No
102035,48,121503,5209,664,36,Yes
102036,49,125072,30463,578,24,Yes
102037,46,29130,10539,662,48,No
102038,45,109360,24977,470,24,Yes
102039,32,82287,13606,350,48,Yes
102040,25,126937,49384,627,12,Yes
102041,54,71702,39052,444,48,No
102042,57,56993,8148,573,12,No
102043,35,51875,38536,454,48,No
102044,64,135284,10607,807,48,No
102045,56,26054,24586,662,24,Yes
102046,35,119809,34250,624,48,No
102047,63,127357,23594,597,24,No
102048,43,68517,12399,793,48,No
102049,26,96368,30117,845,60,No
102050,64,49670,38126,603,36,No
102051,63,69112,38617,766,24,No
102052,41,108388,12498,538,24,No
102053,43,109156,42290,816,12,No
102054,63,48307,14628,475,60,Yes
102055,36,133087,5329,709,12,No
102056,35,87087,43619,663,60,No
102057,45,67922,12032,322,60,Yes
102058,56,83080,43034,617,48,No
102059,31,113348,42122,824,12,Yes
102060,35,99335,25622,575,36,Yes
102061,24,46312,33584,528,60,Yes
102062,41,125156,9722,407,60,Yes
102063,33,86985,22772,475,24,Yes
102064,42,140641,25569,619,48,Yes
102065,39,77608,46679,585,36,No
102066,54,109962,8235,628,60,Yes
102067,34,120963,9576,655,24,No
102068,24,60277,31707,313,12,Yes
102069,47,51551,38868,574,60,No
102070,49,109813,46632,370,24,Yes
102071,48,76597,46476,494,12,Yes
102072,55,121025,35285,822,48,No
102073,28,144342,29154,405,12,Yes
102074,36,65212,25054,495,60,No
102075,62,29637,22165,444,36,No
102076,56,63258,19439,649,12,Yes
102077,50,55693,49518,723,36,Yes
102078,38,29824,27515,770,36,No
102079,22,149553,31962,515,12,Yes
102080,33,46950,47549,392,48,Yes
102081,24,43488,42763,559,12,Yes
102082,46,147870,49754,840,24,Yes
102083,45,124544,24464,584,36,Yes
102084,50,135200,47036,783,60,No
102085,31,20215,35413,671,36,No
102086,27,125603,38270,369,60,No
102087,51,31523,47299,678,24,Yes
102088,64,95900,25269,578,24,No
102089,30,88689,36541,601,24,Yes
102090,59,43834,13009,554,12,Yes
102091,33,54474,22007,563,36,No
102092,51,63066,31462,723,60,No
102093,27,119871,16542,512,24,Yes
102094,62,30400,22434,399,24,No
102095,62,145211,34765,411,60,Yes
102096,56,30345,28769,607,36,Yes
102097,40,53896,27465,774,36,Yes
102098,24,105430,26868,847,60,No
102099,27,48899,25156,411,48,Yes
102100,21,126171,25300,386,36,Yes
102101,64,48229,18435,482,60,Yes
102102,62,137053,9114,464,60,No
102103,33,25583,41135,389,24,Yes
102104,42,24897,13095,754,60,No
102105,41,140406,42909,537,12,Yes
102106,42,91537,8951,833,24,No
102107,48,129417,26468,357,24,Yes
102108,29,24567,32073,841,36,No
102109,46,94807,39341,701,48,No
102110,29,149648,7768,818,36,No
102111,35,132652,43070,496,12,No
102112,30,97239,38979,345,24,No
102113,44,33329,30351,829,24,No
102114,62,121045,20445,696,60,No
102115,28,137708,6160,373,48,Yes
102116,44,91792,27361,715,48,Yes
102117,36,20228,12041,634,60,No
102118,46,110282,23767,595,12,No
102119,47,102214,15846,383,48,No
102120,57,57052,43644,314,24,No
102121,24,77769,24924,433,12,Yes
102122,44,66032,18882,777,36,No
102123,39,131694,19738,618,36,No
102124,56,108721,26019,691,12,No
102125,59,53686,6095,778,24,No
102126,30,96981,43669,667,36,No
102127,45,118802,45983,666,24,Yes
102128,38,83261,19123,587,60,No
102129,39,22809,33132,677,48,No
102130,56,123265,6079,762,12,No
102131,30,61785,34657,312,48,Yes
102132,53,56547,37375,835,60,No
102133,25,62818,29754,467,36,Yes
102134,55,120422,36153,569,24,Yes
102135,64,91927,23344,369,24,No
102136,54,85681,39241,617,60,Yes
102137,53,99465,42656,675,12,Yes
102138,41,109862,9979,388,48,No
102139,37,115527,6212,556,36,No
102140,42,133221,14001,516,12,No
102141,57,57333,18248,749,60,No
102142,35,146457,38187,843,60,No
102143,55,36576,20608,440,24,Yes
102144,48,139875,41427,460,36,Yes
102145,27,59405,36368,331,12,No
102146,52,114000,10283,451,24,No
102147,31,93779,30854,559,36,Yes
102148,30,51601,15715,578,48,No
102149,29,87946,21165,584,48,No
102150,34,87356,39108,841,24,No
102151,33,72116,31797,447,12,Yes
102152,45,120825,15584,366,36,Yes
102153,22,144749,19780,578,48,No
102154,55,137256,42905,742,48,Yes
102155,27,124186,26573,698,12,No
102156,41,82894,38359,427,24,Yes
102157,38,54635,5526,636,60,Yes
102158,23,27465,12855,781,36,No
102159,62,76754,48463,485,48,Yes
102160,59,117975,39060,468,60,No
102161,61,112850,34482,559,12,No
102162,31,129765,21571,806,24,No
102163,59,105119,36740,820,36,No
102164,44,112691,24142,770,12,No
102165,39,58871,30104,460,24,No
102166,24,82874,13625,588,12,No
102167,46,97733,44199,639,48,Yes
102168,58,49511,20926,801,48,No
102169,62,100960,36218,405,60,Yes
102170,52,68821,49472,774,12,No
102171,59,85776,31380,762,48,No
102172,56,138128,25566,782,24,No
102173,60,90167,38205,452,60,No
102174,57,95135,48548,448,36,Yes
102175,53,64462,34717,487,12,Yes
102176,56,81382,46756,430,48,Yes
102177,23,110194,30135,751,24,No
102178,29,123381,33164,815,12,No
102179,28,52574,13953,790,24,No
102180,53,122072,43562,775,60,Yes
102181,26,61910,8574,562,48,Yes
102182,61,93531,25169,837,48,No
102183,59,45186,26604,758,60,No
102184,24,114781,29134,835,24,No
102185,33,42813,28202,594,12,Yes
102186,22,98812,5684,734,24,No
102187,25,105525,42001,574,12,No
102188,64,98282,13007,607,60,No
102189,47,129779,40096,675,36,Yes
102190,52,38557,46787,457,12,Yes
102191,41,48060,14255,503,48,Yes
102192,28,78866,37262,374,48,Yes
102193,58,92104,23093,679,48,Yes
102194,28,120905,10782,603,24,No
102195,23,104577,6234,361,24,No
102196,64,26080,42973,407,24,Yes
102197,23,33854,39188,486,48,Yes
102198,42,142013,36996,528,12,No
102199,26,87695,34204,347,48,No
102200,22,47025,22152,567,12,No
102201,43,72982,47364,553,24,Yes
102202,64,61081,30019,386,36,Yes
102203,22,24368,24488,480,24,No
102204,58,119621,42123,324,60,Yes
102205,37,139181,24689,687,12,Yes
102206,55,47094,33506,521,36,Yes
102207,54,66040,22715,696,24,No
102208,43,86766,46029,810,36,Yes
102209,50,103053,18765,739,48,No
102210,28,43991,26942,474,12,Yes
102211,42,21301,43712,610,60,No
102212,64,48610,44894,573,48,No
102213,56,101463,43031,334,36,Yes
102214,25,54678,25478,516,24,No
102215,33,44466,27551,707,12,No
102216,49,100440,33072,818,60,No
102217,51,60875,40561,568,24,Yes
102218,36,46081,7892,774,60,No
102219,62,44354,38966,624,12,No
102220,50,113297,29395,655,36,No
102221,36,38300,23756,389,60,No
102222,32,84384,27174,341,12,Yes
102223,37,115027,39651,664,60,Yes
102224,36,141684,5797,501,24,No
102225,32,80892,13209,665,60,Yes
102226,28,55525,46003,587,24,No
102227,40,46532,26346,780,24,No
102228,23,26464,33024,800,12,No
102229,36,36562,34414,351,48,No
102230,50,127392,45818,402,60,Yes
102231,43,75514,10947,660,36,No
102232,48,133428,14617,723,24,Yes
102233,60,132564,25704,504,48,Yes
102234,25,128047,33702,313,24,Yes
102235,40,94219,6892,769,48,No
102236,60,52634,34754,765,48,No
102237,64,20060,8424,603,36,No
102238,21,29269,47218,726,48,Yes
102239,50,83143,18418,409,36,Yes
102240,41,43065,34886,814,12,No
102241,40,22895,39783,367,24,Yes
102242,26,100859,28057,545,36,No
102243,42,32352,9833,688,24,No
102244,38,130179,14894,607,60,No
102245,28,69737,46833,651,12,Yes
102246,59,124127,5565,365,60,No
102247,52,116426,45180,759,60,Yes
102248,53,52016,23402,646,48,No
102249,36,81304,47845,624,48,No
102250,32,31962,15315,332,60,No
102251,58,53302,17834,367,48,No
102252,54,105382,7314,486,24,No
102253,34,24011,42180,491,48,No
102254,56,149716,8883,512,60,Yes
102255,53,39782,49152,727,48,Yes
102256,43,87691,15051,650,48,No
102257,22,140654,45984,407,36,Yes
102258,61,142017,16695,539,36,No
102259,41,59725,28123,515,60,No
102260,22,29196,12902,476,24,Yes
102261,47,63459,22573,629,12,No
102262,29,107245,34374,749,12,Yes
102263,21,149613,17288,746,60,No
102264,31,98863,11884,836,24,No
102265,23,143206,15559,478,24,No
102266,43,139391,23125,694,24,No
102267,46,121010,8688,444,36,Yes
102268,24,52769,28869,497,60,No
102269,38,127529,43137,383,12,Yes
102270,26,145361,49706,384,24,Yes
102271,55,44700,9023,756,60,No
102272,42,135792,22100,775,12,Yes
102273,63,100356,41735,552,36,No
102274,35,96427,12423,371,48,No
102275,42,120165,44218,522,12,Yes
102276,57,25269,17213,575,12,No
102277,62,141631,40983,545,12,Yes
102278,32,63880,38158,640,48,No
102279,62,134003,33460,770,24,No
102280,58,28320,36017,753,48,Yes
102281,38,69589,38000,306,12,Yes
102282,55,139534,31502,487,36,Yes
102283,50,96276,35990,303,12,No
102284,44,55897,24515,424,36,Yes
102285,62,78565,34991,314,60,Yes
102286,50,50930,12634,824,36,No
102287,34,77233,16498,539,12,No
102288,26,102821,15916,659,48,No
102289,23,34380,34377,817,12,No
102290,36,96896,38001,619,12,No
102291,27,90934,6391,530,60,No
102292,34,75830,48852,329,24,Yes
102293,29,25529,47215,833,12,No
102294,35,141292,19184,455,60,Yes
102295,41,114598,32114,698,48,Yes
102296,55,122222,16882,645,60,No
102297,22,102987,22273,494,60,Yes
102298,47,69178,45670,467,36,No
102299,22,26937,22129,676,24,Yes
102300,55,141952,47679,788,24,Yes
102301,38,59886,5427,661,48,No
102302,34,69699,36416,781,60,No
102303,40,96396,5731,543,48,No
102304,38,110678,5799,470,48,No
102305,30,45279,33873,812,24,Yes
102306,45,58106,12025,705,24,No
102307,22,130776,19481,506,24,Yes
102308,45,121444,30411,453,12,No
102309,53,126300,36358,347,60,Yes
102310,56,133793,45392,300,48,Yes
102311,51,136278,19961,706,60,No
102312,34,99737,26767,406,48,Yes
102313,21,60544,46000,472,48,No
102314,36,123247,41135,805,48,Yes
102315,23,131190,26392,429,48,Yes
102316,55,28997,18262,697,36,No
102317,61,126102,10229,593,36,Yes
102318,26,105711,28772,746,12,Yes
102319,45,136045,23799,315,24,Yes
102320,33,60860,28555,648,48,No
102321,54,23225,31616,502,60,Yes
102322,28,130114,24333,433,36,No
102323,41,79470,9261,825,24,No
102324,54,133218,8466,807,12,No
102325,24,148854,8088,365,24,No
102326,45,120764,6115,779,48,No
102327,35,127041,9578,758,24,No
102328,24,132224,7590,641,48,No
102329,32,83656,12372,458,36,Yes
102330,52,71880,8573,460,36,No
102331,52,81078,7978,553,48,No
102332,48,108646,48407,826,60,No
102333,33,96290,14422,848,36,Yes
102334,51,76633,48626,454,60,Yes
102335,34,46655,28697,785,48,No
102336,40,141118,35820,731,48,No
102337,38,63601,42743,326,36,Yes
102338,49,23114,9925,311,60,No
102339,26,46502,34430,366,48,Yes
102340,52,69768,33834,841,36,No
102341,49,68128,29435,395,48,No
102342,63,40028,26676,514,24,Yes
102343,22,75565,48554,493,24,Yes
102344,43,103123,24814,589,36,No
102345,39,128255,19716,843,48,No
102346,51,55333,32528,338,36,Yes
102347,25,23174,6995,505,12,Yes
102348,39,137769,27414,783,36,Yes
102349,54,55398,18844,636,36,No
102350,30,55929,41659,795,24,No
102351,45,24321,20522,548,24,No
102352,22,143549,44913,373,48,Yes
102353,31,115971,13498,672,36,No
102354,51,131508,47322,437,36,Yes
102355,35,75421,7102,756,48,No
102356,29,92635,40798,743,60,Yes
102357,43,43760,13524,652,48,Yes
102358,39,31360,35846,710,24,Yes
102359,29,30313,13107,837,24,No
102360,55,131806,23268,752,36,No
102361,41,105998,29399,718,24,No
102362,29,25801,14624,749,48,No
102363,48,34130,32126,414,36,No
102364,27,34271,28131,350,48,No
102365,36,36075,25714,668,48,Yes
102366,36,122455,45631,814,36,No
102367,53,127215,40877,509,60,Yes
102368,24,38984,23570,734,24,Yes
102369,24,108095,17482,526,12,Yes
102370,59,80942,39318,567,12,No
102371,60,32861,38414,415,12,No
102372,37,118970,26040,659,24,No
102373,57,102203,18407,628,60,No
102374,59,91376,38305,339,48,Yes
102375,49,81247,19166,481,36,No
102376,56,89101,11572,789,60,No
102377,58,128730,38002,508,12,No
102378,59,40977,31972,572,24,Yes
102379,57,70617,47464,418,24,Yes
102380,55,77473,27923,681,36,No
102381,27,106654,6909,835,48,No
102382,47,108177,49918,557,60,No
102383,48,92902,37848,782,60,No
102384,42,112172,7083,808,60,No
102385,34,35630,22140,391,48,Yes
102386,27,40056,7670,460,48,No
102387,57,27382,41519,448,48,Yes
102388,42,75739,49512,416,36,Yes
102389,25,101685,43029,757,24,No
102390,22,68639,19691,344,12,No
102391,47,79838,44620,533,48,No
102392,41,66041,39262,674,24,Yes
102393,58,20992,30595,846,48,No
102394,35,92394,38440,496,12,Yes
102395,41,87657,13630,324,48,Yes
102396,30,47160,36250,694,24,Yes
102397,43,65156,33798,335,36,No
102398,59,71375,48036,773,12,Yes
102399,25,106442,38212,522,24,Yes
102400,21,39572,46925,829,60,No
102401,33,137925,16982,487,60,No
102402,41,24136,13655,701,60,Yes
102403,46,81868,23582,556,36,No
102404,41,102263,40055,435,48,No
102405,38,52167,49725,743,48,Yes
102406,57,130957,9008,717,48,No
102407,52,35479,49464,591,36,Yes
102408,56,139392,46872,428,60,Yes
102409,37,51376,5496,640,48,No
102410,55,24823,39231,556,36,No
102411,31,145156,28212,399,36,Yes
102412,41,90456,25637,338,24,No
102413,46,39585,21877,562,48,Yes
102414,24,123775,22810,449,60,Yes
102415,54,37272,14884,629,12,Yes
102416,38,46619,7723,419,36,No
102417,60,95069,9761,518,24,No
102418,55,59895,12630,422,12,No
102419,61,23720,21375,543,36,No
102420,49,39267,46509,817,24,No
102421,49,35696,30218,320,48,Yes
102422,58,49968,35565,489,24,No
102423,62,73364,42118,524,36,Yes
102424,41,43345,37975,765,48,Yes
102425,62,71567,32073,398,60,Yes
102426,33,111229,9190,662,24,No
102427,61,81607,6883,382,12,Yes
102428,37,39385,7886,355,48,Yes
102429,29,103658,13953,321,48,Yes
102430,61,86900,13381,484,60,No
102431,21,88244,28238,821,24,No
102432,22,85425,18795,563,12,No
102433,49,98518,35428,524,60,Yes
102434,53,102844,14638,337,24,Yes
102435,30,52919,9931,422,12,Yes
102436,60,110697,47623,455,12,Yes
102437,41,77196,43492,600,36,No
102438,48,135600,31411,366,12,Yes
102439,31,120625,25534,693,24,No
102440,54,99401,41828,704,60,Yes
102441,28,20495,34181,748,60,No
102442,42,64755,42533,430,36,Yes
102443,28,87684,24996,368,24,Yes
102444,35,53324,11553,644,12,No
102445,37,98929,45146,619,36,No
102446,43,21552,23073,476,48,Yes
102447,44,71272,12130,828,24,No
102448,39,55853,34405,459,36,Yes
102449,25,138192,40954,832,60,No
102450,52,52924,10789,434,36,Yes
102451,64,94462,33930,410,48,No
102452,21,116387,22529,582,24,Yes
102453,43,43889,12942,819,36,Yes
102454,57,125466,12548,493,12,Yes
102455,28,74675,23296,346,24,Yes
102456,33,142231,37244,641,36,No
102457,28,93591,5296,541,36,Yes
102458,43,90190,7409,821,24,No
102459,63,42634,39229,669,60,Yes
102460,21,52363,35846,430,12,No
102461,44,83752,40036,569,24,No
102462,55,97004,44322,360,12,No
102463,44,76398,32167,463,12,No
102464,37,118458,33991,824,24,No
102465,25,60718,22801,571,36,No
102466,40,133627,12358,432,60,Yes
102467,41,102916,27588,543,12,No
102468,60,46870,22671,733,12,No
102469,51,57394,22502,337,36,Yes
102470,56,72057,30128,618,24,No
102471,31,99795,36645,809,60,Yes
102472,35,100409,12637,675,12,No
102473,39,33016,5660,773,12,No
102474,27,62137,46675,358,24,Yes
102475,48,20153,11922,798,36,No
102476,63,27853,33161,517,48,No
102477,25,32379,49721,428,36,Yes
102478,25,35792,8970,682,12,No
102479,50,141169,8407,687,12,No
102480,52,58367,32843,384,60,Yes
102481,28,38100,14046,809,36,No
102482,30,146082,28800,736,48,Yes
102483,58,133089,19547,592,60,No
102484,52,83456,42528,348,48,Yes
102485,48,31049,36389,366,60,Yes
102486,37,20786,35346,428,36,Yes
102487,51,89904,27748,328,12,Yes
102488,28,50699,41855,642,48,Yes
102489,60,142784,30848,844,36,No
102490,45,67691,12607,418,48,Yes
102491,29,57040,41787,432,36,Yes
102492,22,138455,38583,626,60,Yes
102493,35,112990,17563,484,36,Yes
102494,23,77986,38690,805,60,Yes
102495,56,58762,34176,833,12,Yes
102496,24,43600,19925,540,60,Yes
102497,34,114774,26251,815,24,No
102498,61,110777,22648,464,12,Yes
102499,61,39810,25108,517,36,Yes
102500,45,105703,15979,304,36,No
102501,30,107347,7722,380,24,No
102502,41,125315,10355,546,36,No
102503,56,77204,33799,792,12,No
102504,32,40085,40318,685,12,Yes
102505,47,66854,37705,606,60,Yes
102506,60,94797,48909,842,48,No
102507,22,104269,28070,306,36,No
102508,33,59779,16284,814,24,No
102509,52,76207,26737,372,12,No
102510,51,114615,28241,309,12,Yes
102511,36,53980,32414,421,12,Yes
102512,52,76117,25895,812,48,No
102513,52,34141,31771,740,48,No
102514,54,29344,6384,337,36,No
102515,31,125008,27689,644,24,Yes
102516,30,35896,32475,637,48,No
102517,35,109353,13252,483,60,Yes
102518,37,49813,35844,366,48,Yes
102519,60,104431,35151,316,12,Yes
102520,38,85679,45006,682,24,No
102521,29,30681,28365,667,36,Yes
102522,45,92903,11026,615,48,No
102523,60,23228,37767,796,12,No
102524,34,24582,33523,644,60,Yes
102525,45,98683,15482,772,60,No
102526,42,31397,46432,414,36,Yes
102527,50,58799,30108,399,36,Yes
102528,40,57011,5493,737,48,No
102529,41,99183,21465,644,36,No
102530,64,113254,44767,648,12,No
102531,52,64264,34550,438,12,Yes
102532,41,62317,18833,623,12,No
102533,55,67914,7970,601,48,Yes
102534,52,104633,37779,593,48,Yes
102535,50,122489,34958,828,36,Yes
102536,59,144237,22145,591,48,No
102537,32,65254,40953,373,12,No
102538,61,60096,6806,783,24,No
102539,38,73785,10664,315,12,No
102540,41,72344,33900,825,24,No
102541,33,134988,19126,635,36,Yes
102542,41,102643,10154,815,60,No
102543,28,140382,27208,426,48,No
102544,60,88546,18767,817,48,No
102545,27,91091,25043,428,12,No
102546,43,85603,6525,810,12,No
102547,64,48412,38528,722,24,No
102548,52,130489,21978,684,48,Yes
102549,31,71658,6055,531,36,No
102550,42,119841,15046,494,12,No
102551,42,69549,40851,364,48,Yes
102552,63,147595,20678,576,60,No
102553,45,31549,49876,523,24,Yes
102554,42,91216,31624,577,12,No
102555,48,45739,47418,665,12,Yes
102556,49,41209,43725,815,36,No
102557,33,127051,10255,514,12,No
102558,38,107968,14411,738,48,No
102559,22,35116,47459,727,48,Yes
102560,49,40045,41163,695,48,No
102561,41,46327,38971,508,60,Yes
102562,35,55709,36235,800,60,Yes
102563,47,63617,24194,762,12,No
102564,51,80139,24476,526,60,No
102565,35,46905,8044,674,60,No
102566,43,84148,45040,799,36,Yes
102567,44,92603,26057,392,60,No
102568,64,118095,8514,759,24,No
102569,33,139779,14990,620,24,No
102570,42,62919,43960,309,24,Yes
102571,63,103521,48535,602,12,No
102572,57,112905,12507,621,48,No
102573,53,103400,9857,755,36,No
102574,23,108150,17118,577,12,Yes
102575,39,78446,8146,837,48,No
102576,43,72428,31401,692,36,No
102577,49,67894,31177,394,36,No
102578,50,101149,43524,406,36,No
102579,59,26447,9414,689,24,Yes
102580,64,25499,22494,825,24,Yes
102581,45,59041,25437,370,24,Yes
102582,57,51315,8937,675,36,No
102583,28,21299,41731,667,36,Yes
102584,62,140506,26326,350,24,No
102585,36,125005,43665,442,36,Yes
102586,28,24994,13974,718,24,No
102587,21,115414,22500,847,24,No
102588,64,101163,6750,799,24,No
102589,25,146759,9027,466,48,No
102590,23,27489,49296,559,36,No
102591,21,111647,10745,491,12,No
102592,24,52355,26448,501,24,Yes
102593,60,93805,47447,484,12,Yes
102594,55,88367,33451,457,48,No
102595,52,129906,33207,398,36,No
102596,62,137409,10938,540,24,Yes
102597,54,97355,17150,790,24,No
102598,63,136220,18406,501,24,No
102599,45,110349,24781,808,12,No
102600,30,107173,42621,395,48,Yes
102601,41,21996,23325,789,36,No
102602,59,139999,8148,517,48,Yes
102603,47,64387,33879,826,24,No
102604,47,134965,12933,572,48,No
102605,22,23089,14436,518,12,Yes
102606,61,118827,22669,631,60,No
102607,33,40659,11474,752,60,Yes
102608,29,65178,16228,451,36,Yes
102609,56,140053,38538,646,36,No
102610,42,115965,6843,713,48,No
102611,62,101268,5073,826,36,No
102612,46,105042,21059,730,12,No
102613,32,126471,25733,678,24,No
102614,37,90726,45768,727,24,No
102615,34,90111,30395,383,48,Yes
102616,34,126031,25202,491,24,No
102617,54,133682,18273,340,48,No
102618,40,54565,38099,608,36,No
102619,31,120435,12512,677,36,Yes
102620,36,109242,33231,435,12,Yes
102621,51,133204,28274,405,24,No
102622,26,149642,42699,818,12,No
102623,39,42884,27409,841,60,No
102624,57,37199,10113,425,12,Yes
102625,24,80038,46187,656,48,Yes
102626,24,77786,7881,699,48,No
102627,40,129636,24249,378,12,No
102628,30,124970,40343,688,36,Yes
102629,44,69294,17714,834,60,Yes
102630,55,98015,43953,373,12,Yes
102631,46,54178,13656,304,36,No
102632,57,32665,10741,762,12,No
102633,58,149604,21661,381,24,No
102634,41,20534,36555,836,48,No
102635,60,111828,33690,704,24,Yes
102636,59,56132,37833,813,24,No
102637,41,135720,42030,577,60,No
102638,30,56110,10704,523,36,No
102639,58,78754,46362,367,48,No
102640,24,83580,17175,619,24,No
102641,40,42469,17696,318,48,No
102642,37,84016,44023,642,36,No
102643,27,66233,45209,642,12,No
102644,24,122804,33054,396,24,Yes
102645,49,149863,26076,351,36,No
102646,34,86708,19986,474,48,No
102647,23,78232,19440,637,36,Yes
102648,44,113450,12960,652,12,Yes
102649,57,106437,27462,690,36,No
102650,36,126311,22821,414,48,Yes
102651,24,54409,32258,647,24,Yes
102652,44,135159,32353,300,24,No
102653,54,39324,28416,362,60,No
102654,50,28738,27115,525,48,No
102655,38,123030,29968,722,60,Yes
102656,39,130093,27731,318,60,No
102657,51,44054,27785,330,12,Yes
102658,39,49709,44397,323,48,Yes
102659,39,129321,18828,510,24,No
102660,42,105643,9541,460,48,No
102661,44,148805,45644,554,12,Yes
102662,32,20363,18311,413,48,Yes
102663,50,30358,35531,803,48,No
102664,58,121613,19588,519,60,No
102665,51,135233,17380,656,48,No
102666,56,23240,47645,468,60,No
102667,39,92201,22818,823,60,No
102668,56,65689,35857,541,36,Yes
102669,50,21936,26711,674,12,Yes
102670,53,132272,10097,438,60,No
102671,38,111074,33393,396,48,Yes
102672,48,63965,27076,446,60,Yes
102673,31,97534,23738,481,60,No
102674,53,20882,34317,356,60,Yes
102675,37,40224,44229,341,24,Yes
102676,26,125227,12044,842,24,No
102677,24,143750,10497,301,24,Yes
102678,40,139299,18751,587,24,No
102679,47,145865,34882,437,36,No
102680,35,132012,47072,811,60,Yes
102681,26,143745,48194,521,36,Yes
102682,34,50825,48826,630,48,No
102683,31,90740,27449,703,12,No
102684,59,48885,49028,807,36,Yes
102685,29,60056,38402,426,24,No
102686,46,23203,37543,564,24,Yes
102687,36,80241,34362,314,48,Yes
102688,25,22244,32315,525,60,No
102689,30,118322,32746,404,12,Yes
102690,23,135329,15057,792,36,No
102691,33,88619,47915,618,60,Yes
102692,63,41584,26061,518,60,No
102693,50,28521,39157,576,36,No
102694,26,70017,16322,640,36,No
102695,37,53541,9276,751,36,Yes
102696,39,49063,17306,668,36,No
102697,62,90268,39017,773,24,No
102698,55,145234,32742,489,60,Yes
102699,46,146218,36600,718,60,Yes
102700,25,138206,22629,794,24,No
102701,49,84952,13245,338,60,No
102702,57,113054,36414,461,36,Yes
102703,40,59563,48870,420,12,No
102704,41,59752,35098,698,60,Yes
102705,30,115233,15588,561,12,No
102706,25,22567,5442,428,12,No
102707,56,36121,44744,839,24,No
102708,26,21674,42443,655,48,Yes
102709,46,96411,16803,731,60,No
102710,24,129876,45721,364,24,No
102711,59,86275,42145,517,24,Yes
102712,59,87081,15599,726,12,No
102713,55,49140,12058,373,60,Yes
102714,21,145139,22206,759,24,No
102715,44,29327,16894,724,36,No
102716,56,90663,7939,491,24,No
102717,26,43331,27149,488,36,Yes
102718,61,43004,6031,311,48,Yes
102719,64,127369,15208,538,36,No
102720,51,139243,5562,752,36,No
102721,40,30492,48498,682,12,No
102722,44,74797,25951,347,24,No
102723,45,78095,33351,616,48,No
102724,56,33749,23680,508,24,Yes
102725,41,83217,26586,846,36,No
102726,50,109044,14308,418,36,Yes
102727,44,29045,14609,614,24,Yes
102728,64,40116,34495,335,48,No
102729,62,38667,22675,762,48,No
102730,50,95057,33064,702,12,No
102731,42,94205,13720,406,36,No
102732,48,47302,47940,338,36,No
102733,27,31283,19457,479,12,No
102734,55,50935,7939,311,24,No
102735,48,92534,43203,638,36,No
102736,34,114342,28365,847,24,No
102737,30,51624,10392,425,48,Yes
102738,36,33440,30905,362,60,No
102739,36,131001,12972,381,12,Yes
102740,51,66501,35653,598,36,Yes
102741,62,107333,31329,333,12,Yes
102742,45,21269,24184,348,48,Yes
102743,33,27868,19799,356,48,No
102744,26,50251,20052,408,48,No
102745,64,97909,11044,816,48,No
102746,29,104523,24871,323,60,No
102747,56,58729,28767,520,24,No
102748,63,35734,25234,614,24,No
102749,40,62429,26381,593,60,No
102750,38,61337,22274,309,24,Yes
102751,63,60325,27304,780,48,Yes
102752,41,103600,22572,566,24,Yes
102753,24,82514,43412,387,12,Yes
102754,53,28433,30965,754,24,No
102755,47,133957,23384,832,12,No
102756,27,29111,22855,447,36,No
102757,26,123986,22920,730,12,Yes
102758,35,83753,21702,541,12,Yes
102759,38,133783,42921,365,48,Yes
102760,52,100583,6894,677,48,No
102761,31,93620,35985,687,48,No
102762,40,41751,33287,508,12,No
102763,44,36453,12991,714,60,No
102764,35,105844,20439,315,48,Yes
102765,27,58968,34084,596,48,No
102766,41,50077,47235,519,12,No
102767,62,128582,32659,666,36,No
102768,46,54775,29976,528,36,No
102769,64,78144,43703,739,24,No
102770,34,68570,22107,831,36,No
102771,57,66097,7329,749,48,No
102772,41,44503,47095,335,60,No
102773,38,22779,7770,721,24,No
102774,25,106840,9846,488,60,Yes
102775,23,20755,21651,477,60,Yes
102776,43,59263,19633,614,48,No
102777,46,128491,18628,319,12,Yes
102778,57,75087,5569,681,12,Yes
102779,44,62281,6973,442,12,No
102780,39,71482,40590,361,36,Yes
102781,45,74857,38038,541,12,Yes
102782,41,142989,12641,537,48,No
102783,32,37400,13930,430,36,Yes
102784,61,60115,11680,422,12,No
102785,53,34249,6257,739,60,No
102786,24,133183,13250,641,48,No
102787,62,66825,43138,718,48,No
102788,27,130361,33757,754,24,No
102789,42,44600,9858,497,48,Yes
102790,53,57706,46349,581,60,Yes
102791,37,39222,18491,300,48,No
102792,44,119041,30294,631,24,Yes
102793,54,124504,11908,511,48,Yes
102794,48,61139,15844,386,48,No
102795,63,134919,42629,360,24,Yes
102796,61,136605,7911,394,48,Yes
102797,59,61302,13991,446,36,No
102798,42,114684,16572,545,48,No
102799,37,107838,48066,596,12,No
102800,54,88159,34693,422,12,Yes
102801,26,28646,45004,755,36,No
102802,26,33543,43333,698,48,Yes
102803,54,114496,22493,530,60,No
102804,21,148212,44697,833,48,No
102805,30,42785,22634,701,12,No
102806,41,98353,29561,429,24,No
102807,25,51406,23033,591,36,Yes
102808,22,108992,12351,575,24,No
102809,42,71428,30921,675,60,Yes
102810,22,43777,24340,354,48,No
102811,30,77939,19901,325,60,Yes
102812,54,73026,15638,740,24,No
102813,36,106450,43596,496,48,No
102814,59,49553,26378,542,60,No
102815,42,43548,49324,489,12,Yes
102816,32,83221,27820,575,12,No
102817,44,57265,30060,708,36,Yes
102818,60,145549,37642,639,12,No
102819,58,60701,30378,452,12,No
102820,30,71287,13150,697,24,No
102821,55,26727,47875,743,12,No
102822,52,130460,29059,726,12,Yes
102823,27,70717,39525,786,24,No
102824,41,52427,23193,503,12,Yes
102825,40,36692,48967,411,12,No
102826,46,51625,32801,624,36,No
102827,24,44918,31246,557,12,No
102828,42,126931,17807,827,12,No
102829,35,61136,22535,649,36,No
102830,60,134826,10492,734,24,No
102831,41,134881,36357,725,12,Yes
102832,35,72409,11302,579,60,No
102833,42,35577,37314,670,24,No
102834,48,105155,9747,548,24,Yes
102835,34,131776,46170,480,12,Yes
102836,47,119246,15686,377,36,Yes
102837,61,122924,42449,635,24,No
102838,60,146759,23891,349,36,Yes
102839,48,140408,41196,384,60,Yes
102840,46,101731,34928,303,36,No
102841,22,47689,12494,616,48,Yes
102842,45,31154,41723,410,36,Yes
102843,23,124657,34877,633,24,No
102844,28,114948,32981,432,36,Yes
102845,64,41341,19026,418,36,No
102846,53,117554,25422,649,48,Yes
102847,62,94681,14244,841,48,No
102848,55,127798,38481,354,12,Yes
102849,26,66330,28644,660,24,No
102850,59,138069,48848,752,12,No
102851,43,107759,13521,629,48,No
102852,45,88416,6746,518,36,No
102853,63,145067,22591,507,48,Yes
102854,39,106807,31718,384,60,Yes
102855,25,53313,7696,544,36,No
102856,31,66900,17012,634,12,No
102857,32,98840,19688,511,36,No
102858,30,54695,28457,482,60,Yes
102859,28,50225,10036,432,48,Yes
102860,44,106072,44895,649,24,Yes
102861,48,116367,34960,581,24,Yes
102862,61,69156,41486,592,24,No
102863,56,97209,27159,568,48,No
102864,57,107453,12910,496,24,No
102865,41,47829,7693,836,60,No
102866,28,100908,20858,319,48,No
102867,29,45938,33810,704,24,Yes
102868,35,79164,25092,414,12,No
102869,60,74530,28243,325,48,Yes
102870,38,140921,35505,694,48,No
102871,62,88199,12692,680,36,No
102872,40,80282,33555,822,24,Yes
102873,26,67801,11398,838,12,No
102874,32,29465,12252,382,60,No
102875,22,23326,16721,849,48,Yes
102876,27,23659,22939,744,60,Yes
102877,36,80289,16825,386,60,No
102878,23,47594,30251,686,60,No
102879,23,135819,41955,697,36,No
102880,47,24763,29151,585,60,No
102881,63,108657,5036,668,24,No
102882,60,30828,33412,721,24,No
102883,58,67588,23171,742,12,No
102884,53,31221,44051,819,12,Yes
102885,48,31211,37761,587,60,No
102886,21,33569,20202,394,60,Yes
102887,28,116894,13060,340,36,Yes
102888,57,57860,13065,630,60,No
102889,52,91558,34873,454,60,Yes
102890,63,65337,41648,803,60,Yes
102891,57,72311,10932,574,48,Yes
102892,24,33515,31470,478,48,No
102893,50,91695,13328,436,36,No
102894,26,142006,11333,479,36,No
102895,39,131527,16268,481,24,No
102896,52,126749,10067,558,36,No
102897,29,107227,49843,542,24,Yes
102898,32,44904,22045,395,60,Yes
102899,31,79935,45741,496,36,Yes
102900,36,63790,27770,825,36,No
102901,21,88580,47770,686,36,Yes
102902,41,95148,12887,707,24,Yes
102903,50,25636,38182,568,24,No
102904,33,97129,37370,470,12,No
102905,54,134483,44618,469,24,No
102906,24,22892,29918,458,24,No
102907,48,41672,40497,808,48,Yes
102908,58,25812,33026,746,36,No
102909,51,116621,16929,381,24,Yes
102910,47,148177,41665,356,36,Yes
102911,25,20654,39937,818,36,No
102912,45,74633,18563,411,48,No
102913,23,37143,33546,347,36,No
102914,53,75934,17888,675,24,No
102915,24,87334,42338,332,36,Yes
102916,45,123463,39283,803,12,Yes
102917,40,145851,21958,302,12,No
102918,54,49087,17634,785,48,No
102919,46,31618,24251,815,24,No
102920,25,28446,24928,341,48,Yes
102921,55,107182,42245,308,12,Yes
102922,48,122127,21455,441,24,No
102923,49,68867,32144,735,36,Yes
102924,29,71028,33013,326,24,No
102925,58,80101,26876,342,60,Yes
102926,26,47200,31962,430,24,No
102927,39,115107,33084,515,36,No
102928,64,108074,47319,819,60,No
102929,31,126091,26143,644,48,No
102930,22,81465,31091,807,24,Yes
102931,64,129500,19179,712,48,No
102932,64,106436,37807,545,24,Yes
102933,29,138422,15222,748,12,No
102934,41,144124,28949,320,12,Yes
102935,44,107892,21116,707,36,No
102936,54,108559,42564,756,12,Yes
102937,42,140044,42374,743,60,Yes
102938,23,59148,22667,564,60,Yes
102939,32,102928,13775,483,24,No
102940,48,40698,34655,526,48,Yes
102941,50,62470,19193,847,60,No
102942,46,112071,19676,545,24,Yes
102943,41,71660,35776,372,48,Yes
102944,48,73910,48225,449,12,Yes
102945,46,55450,22199,812,24,Yes
102946,53,76463,20066,368,48,No
102947,41,53757,23895,529,36,No
102948,55,98012,5246,371,36,Yes
102949,54,126750,26209,696,60,No
102950,61,147043,44284,383,48,Yes
102951,38,90247,21800,598,36,Yes
102952,31,92015,28086,592,60,Yes
102953,43,51390,25101,522,24,No
102954,42,76116,21491,515,24,Yes
102955,37,33161,32207,530,48,No
102956,25,52152,46798,704,48,No
102957,64,100171,25897,468,48,Yes
102958,31,126379,34492,628,48,No
102959,50,115833,6421,725,36,No
102960,35,40836,37015,495,36,No
102961,47,110367,17970,825,60,No
102962,55,86543,12283,376,36,No
102963,53,75648,33488,576,24,Yes
102964,40,46331,20945,765,60,No
102965,36,125992,5255,747,36,No
102966,54,30763,16019,619,48,No
102967,22,89444,20487,459,36,No
102968,55,113109,46797,791,12,No
102969,60,39187,24346,612,60,No
102970,48,31957,40050,460,36,Yes
102971,59,24379,13744,607,36,No
102972,26,47959,29756,445,24,No
102973,29,102018,22861,695,48,Yes
102974,40,143076,30146,388,48,Yes
102975,21,47105,47687,607,24,Yes
102976,28,20877,26976,845,24,Yes
102977,43,68353,5591,670,12,No
102978,23,103788,11277,750,60,No
102979,24,116870,7260,466,48,No
102980,45,104585,48907,691,24,No
102981,58,103308,5347,790,24,No
102982,35,71567,29741,449,60,Yes
102983,41,77913,42211,767,24,Yes
102984,55,22637,48856,342,12,Yes
102985,34,92778,46542,328,60,Yes
102986,56,62025,11869,330,12,No
102987,32,126917,33082,427,36,Yes
102988,37,121187,27080,593,48,No
102989,59,119508,33979,740,24,No
102990,29,102464,24422,687,60,Yes
102991,55,48742,40613,823,12,Yes
102992,33,31831,27993,846,48,No
102993,35,133768,17386,409,48,Yes
102994,38,135911,39033,627,24,No
102995,53,105092,17938,704,48,No
102996,26,110879,16159,544,24,No
102997,47,108370,7274,462,36,No
102998,43,146537,23854,698,24,No
102999,47,66762,36815,698,12,Yes
103000,54,124824,15482,792,48,No
103001,58,118958,23961,538,48,No
103002,34,108741,25044,764,48,Yes
103003,56,38830,38836,331,24,Yes
103004,28,75044,26975,422,60,Yes
103005,55,93948,19706,833,24,Yes
103006,39,89202,10974,409,12,No
103007,50,57045,15928,570,24,No
103008,34,106322,26213,679,48,No
103009,40,137257,6950,599,36,Yes
103010,45,91051,24477,548,12,No
103011,60,127509,15411,820,36,Yes
103012,44,46627,26695,333,12,Yes
103013,34,35198,22771,527,12,No
103014,46,89521,9274,698,48,No
103015,58,131439,40053,519,24,No
103016,43,126471,12045,670,48,No
103017,42,49475,34714,827,48,No
103018,39,125752,39386,374,48,No
103019,23,138998,48747,435,36,No
103020,62,39403,13562,373,12,No
103021,39,23681,32759,553,60,No
103022,29,111555,17026,317,24,No
103023,48,138884,45611,342,48,Yes
103024,40,113122,36589,349,12,Yes
103025,27,135260,47663,814,24,No
103026,34,62292,36738,602,60,Yes
103027,29,123057,31844,441,60,No
103028,39,125386,28447,501,48,Yes
103029,34,122306,29879,506,60,Yes
103030,58,25629,16966,714,60,No
103031,56,113246,22732,520,24,No
103032,60,115864,10289,661,24,Yes
103033,37,97814,25012,380,48,No
103034,50,28417,23812,584,12,No
103035,29,138888,40801,668,48,Yes
103036,53,54765,46628,791,36,Yes
103037,45,94499,45581,645,60,Yes
103038,34,134088,28092,503,12,Yes
103039,31,76574,30105,324,24,Yes
103040,55,122828,19294,368,36,Yes
103041,61,110545,8621,815,36,No
103042,34,148206,37442,791,60,No
103043,50,47675,26699,539,24,No
103044,61,145609,7347,660,12,No
103045,24,121711,34486,740,24,Yes
103046,24,92267,22110,330,60,No
103047,48,60563,9923,621,36,No
103048,28,31332,20611,643,60,No
103049,22,143745,24199,835,48,No
103050,61,39177,14066,654,36,No
103051,42,109254,41047,770,60,No
103052,61,88447,31754,404,12,No
103053,36,77104,41575,621,12,Yes
103054,49,104335,29260,826,12,No
103055,50,134938,21991,803,48,Yes
103056,32,100730,27553,384,24,Yes
103057,55,24951,29174,534,12,Yes
103058,31,126402,26957,562,48,No
103059,41,48333,5634,305,12,Yes
103060,41,41673,34881,793,48,No
103061,25,134421,17771,588,12,No
103062,40,60870,23298,649,24,Yes
103063,57,141945,19340,499,60,No
103064,23,147536,38356,634,12,Yes
103065,64,91101,40999,516,60,No
103066,53,42821,11351,652,12,No
103067,29,45494,8838,624,24,Yes
103068,29,119477,6973,527,60,No
103069,24,146083,42812,444,48,No
103070,55,94160,15247,607,12,Yes
103071,37,132698,49440,584,12,No
103072,54,131560,36655,691,48,No
103073,44,20835,48039,659,24,Yes
103074,52,145126,11683,464,36,No
103075,21,38646,16244,523,12,Yes
103076,28,143777,34058,423,48,Yes
103077,43,97360,44551,643,36,Yes
103078,60,57335,43362,823,12,No
103079,32,89351,33371,351,60,No
103080,32,134934,8822,428,48,Yes
103081,35,22429,33878,434,60,Yes
103082,61,61950,41157,426,24,Yes
103083,39,80654,10914,370,36,No
103084,46,127422,23164,572,48,Yes
103085,49,129934,32180,486,12,No
103086,42,139975,8688,302,12,No
103087,60,88143,19683,584,36,No
103088,41,111186,18080,321,60,Yes
103089,58,124234,35953,465,60,Yes
103090,40,117889,14916,609,48,No
103091,49,122326,34677,776,48,No
103092,24,97527,32360,797,60,No
103093,27,106704,42805,733,48,No
103094,48,51099,18453,533,60,Yes
103095,48,59385,27703,675,36,No
103096,24,55919,13640,545,48,Yes
103097,42,116952,34263,602,60,Yes
103098,32,80782,37849,704,48,No
103099,23,91116,44046,320,12,Yes
103100,42,92590,21078,556,12,No
103101,64,109626,28383,698,24,No
103102,22,60387,20536,828,60,No
103103,44,35823,12410,350,24,Yes
103104,54,66015,20926,746,60,Yes
103105,47,122877,39248,569,48,Yes
103106,61,35339,36159,561,60,Yes
103107,21,149949,47039,664,12,No
103108,28,23491,41366,348,48,Yes
103109,43,20706,45761,817,12,Yes
103110,58,117493,34090,417,48,No
103111,26,35728,25567,752,60,No
103112,42,26997,48663,696,60,Yes
103113,45,123537,20367,326,12,Yes
103114,38,80408,45412,671,36,Yes
103115,37,78097,49716,396,60,No
103116,32,149526,40367,828,36,No
103117,26,58523,10813,485,48,No
103118,46,141648,41621,514,36,Yes
103119,47,45163,39269,550,12,No
103120,28,37718,46190,515,24,Yes
103121,39,107508,45318,328,24,No
103122,62,103767,42018,401,12,No
103123,21,59619,44759,422,24,Yes
103124,49,32126,21498,353,12,No
103125,55,109131,30989,582,60,No
103126,60,84926,42174,416,36,No
103127,34,60633,30568,413,24,Yes
103128,55,97654,6041,842,60,No
103129,40,23317,44695,592,24,No
103130,33,64980,35099,494,48,No
103131,58,64115,29364,591,12,Yes
103132,28,81646,45639,560,12,No
103133,63,63158,44143,506,60,Yes
103134,40,75963,28482,348,48,No
103135,53,67631,8676,305,36,Yes
103136,46,69316,26781,678,48,Yes
103137,59,125364,35048,693,48,No
103138,41,79342,8065,523,36,No
103139,62,35504,7036,322,36,No
103140,63,88593,40814,409,48,Yes
103141,61,46660,21924,698,24,No
103142,29,57196,37844,471,24,Yes
103143,44,85938,21407,605,48,No
103144,57,28605,26518,450,24,Yes
103145,61,77388,22059,727,36,No
103146,37,101297,28052,766,36,No
103147,44,75501,9267,366,24,No
103148,41,73309,10988,455,36,No
103149,59,47043,32974,505,12,Yes
103150,61,53635,29036,454,36,No
103151,59,99315,13680,808,48,No
103152,33,100691,6485,373,60,No
103153,31,126514,19713,348,24,No
103154,39,53132,25043,766,24,No
103155,31,109387,7419,478,36,No
103156,33,35366,41263,347,36,Yes
103157,21,113944,22140,371,60,No
103158,60,92107,48484,412,60,Yes
103159,64,82580,17961,458,48,Yes
103160,39,135267,48075,329,12,Yes
103161,32,142362,11487,396,48,Yes
103162,28,77889,36110,550,24,Yes
103163,28,99553,47432,818,36,No
103164,32,59236,21360,391,48,Yes
103165,53,24150,41843,412,36,No
103166,46,131369,29882,558,36,Yes
103167,59,39423,22502,406,48,Yes
103168,48,24137,12631,689,48,Yes
103169,25,49992,8017,657,60,No
103170,28,130540,25725,498,12,Yes
103171,45,114438,29762,726,60,No
103172,47,135140,5784,777,12,No
103173,43,64921,33020,802,48,Yes
103174,50,141225,43459,419,12,Yes
103175,43,99369,20765,608,24,Yes
103176,40,86917,36127,837,60,No
103177,38,93690,8196,774,60,No
103178,38,54235,14552,643,60,Yes
103179,22,98975,46300,435,36,Yes
103180,24,39122,36921,576,36,No
103181,50,43956,9746,832,48,No
103182,53,83879,7999,330,48,No
103183,56,78560,49070,546,36,Yes
103184,38,141435,20595,710,60,No
103185,57,102800,27063,326,36,No
103186,39,130310,11200,372,12,No
103187,48,88685,43164,396,60,No
103188,60,44660,28377,645,36,No
103189,40,148029,18410,775,48,No
103190,53,126196,8598,599,36,No
103191,32,106064,15564,598,24,No
103192,35,134440,35898,586,36,No
103193,61,21168,25598,748,60,No
103194,59,65124,45404,511,36,Yes
103195,22,55897,22862,375,48,Yes
103196,49,35032,15265,700,12,No
103197,61,72797,14705,333,24,No
103198,30,55294,30544,797,60,Yes
103199,22,63827,19298,815,48,Yes
103200,31,23516,37670,627,24,Yes
103201,33,39751,47471,397,36,No
103202,30,50373,45934,665,24,No
103203,34,142026,11050,762,12,No
103204,38,50270,48952,327,24,Yes
103205,29,30386,26034,685,24,No
103206,59,121859,13484,572,36,No
103207,48,84817,36323,426,36,Yes
103208,23,85184,25796,501,60,No
103209,40,134316,34069,820,36,No
103210,26,99693,26827,586,24,No
103211,47,57879,40361,749,12,Yes
103212,22,125056,15315,387,36,Yes
103213,49,69597,31519,617,60,No
103214,58,59132,14107,318,60,No
103215,23,23626,8869,406,24,No
103216,36,105936,20447,757,36,Yes
103217,50,122179,32370,610,36,No
103218,60,123801,12971,711,60,No
103219,22,101515,36269,797,36,No
103220,37,97065,30651,543,24,No
103221,61,75390,40757,679,12,Yes
103222,32,36645,28446,814,24,No
103223,55,111960,43108,506,36,No
103224,63,74144,14643,693,24,Yes
103225,21,33382,8823,320,48,Yes
103226,35,24025,18454,826,48,Yes
103227,46,63226,8932,642,36,No
103228,57,99380,15220,501,36,Yes
103229,41,142971,13554,419,12,Yes
103230,51,138910,7429,688,24,Yes
103231,45,89711,33208,836,12,Yes
103232,43,116055,12444,533,36,No
103233,44,146189,15510,619,36,Yes
103234,58,94710,49045,479,60,Yes
103235,48,23443,15537,667,12,No
103236,41,41395,12147,375,36,Yes
103237,63,30725,45399,795,48,No
103238,38,53461,8598,821,60,No
103239,56,147000,42097,500,24,No
103240,55,61115,11718,645,60,Yes
103241,29,130084,47691,782,24,No
103242,58,116887,18782,518,48,Yes
103243,50,103732,5051,359,24,Yes
103244,64,132145,21702,849,12,No
103245,54,99790,15184,520,24,Yes
103246,52,99557,17468,801,24,No
103247,23,131672,27072,432,60,No
103248,23,91260,20479,352,48,No
103249,48,48690,33467,749,24,Yes
103250,64,21407,28402,361,12,Yes
103251,35,93568,12210,322,60,Yes
103252,61,78560,41724,343,48,Yes
103253,43,67340,11057,346,48,No
103254,60,37794,35916,323,36,No
103255,31,39881,32268,388,12,No
103256,52,106292,48978,473,60,Yes
103257,56,125698,28259,418,60,Yes
103258,53,114952,18864,477,12,Yes
103259,44,69703,39293,641,48,No
103260,59,64354,12043,358,24,Yes
103261,54,111288,46473,737,12,No
103262,48,98462,43893,727,60,No
103263,57,139020,45642,725,12,Yes
103264,27,119301,17529,680,48,No
103265,24,138764,35868,785,36,No
103266,57,34390,31309,484,36,Yes
103267,21,124403,28284,759,24,No
103268,21,107475,40268,401,24,Yes
103269,40,47307,8464,314,48,No
103270,39,116364,23643,350,24,Yes
103271,49,114049,34265,608,36,Yes
103272,30,138740,20954,333,48,No
103273,38,139991,28880,504,48,Yes
103274,48,44502,24043,369,48,No
103275,55,115599,5255,529,12,No
103276,63,42486,6502,779,24,No
103277,51,131813,9656,832,60,No
103278,47,58258,15302,407,36,No
103279,31,77716,10430,540,24,Yes
103280,58,117228,46366,550,36,No
103281,25,123920,32425,434,24,No
103282,28,101494,6860,389,60,No
103283,54,120552,11158,739,36,No
103284,32,102768,10806,597,60,No
103285,58,30748,25738,706,36,No
103286,21,82785,22106,607,12,No
103287,51,96050,14474,401,12,Yes
103288,24,42738,21997,660,36,No
103289,25,94231,37599,827,36,Yes
103290,50,93606,10790,592,60,No
103291,44,113301,15170,445,48,No
103292,23,61662,14004,703,36,No
103293,31,138313,47746,301,24,Yes
103294,24,116297,30792,418,24,Yes
103295,46,102234,35216,490,24,Yes
103296,47,35123,12232,302,12,No
103297,63,120680,17674,786,60,No
103298,47,45616,21052,476,12,No
103299,62,122682,10913,556,24,Yes
103300,26,31182,32913,833,36,No
103301,35,110369,15567,776,24,No
103302,50,118878,43379,697,36,No
103303,62,82013,14432,795,60,No
103304,57,51331,5319,519,48,Yes
103305,57,66098,29469,472,36,Yes
103306,62,46128,31490,689,12,No
103307,57,51556,25584,801,24,No
103308,55,147398,9791,559,24,No
103309,43,107505,36736,430,24,Yes
103310,26,41876,5329,412,36,No
103311,24,28949,13851,319,60,Yes
103312,38,71962,49078,514,36,No
103313,29,110054,28126,609,12,No
103314,49,143984,26300,550,24,No
103315,33,91206,15164,787,36,No
103316,37,44099,29509,681,24,Yes
103317,52,124871,10703,708,12,Yes
103318,42,32716,32109,570,48,Yes
103319,24,72611,48417,706,48,Yes
103320,25,58885,27554,493,48,No
103321,57,73144,32676,740,24,Yes
103322,61,85220,28804,612,36,No
103323,33,27837,41923,378,24,Yes
103324,54,69355,34802,479,60,No
103325,42,67299,29795,313,36,Yes
103326,43,39159,7611,545,12,No
103327,23,145212,27075,313,48,Yes
103328,62,136680,21479,398,36,Yes
103329,54,136931,14180,332,36,No
103330,52,126802,14304,735,48,No
103331,41,136375,19610,556,12,Yes
103332,64,122413,13437,333,24,No
103333,41,71012,48118,318,24,Yes
103334,64,79305,17521,559,36,No
103335,31,107096,29028,715,48,No
103336,59,37106,44328,436,60,No
103337,24,78123,32301,658,12,No
103338,21,131825,43015,415,24,No
103339,48,28720,26740,703,12,No
103340,44,57661,41845,501,12,Yes
103341,55,135031,26282,675,12,No
103342,33,113898,15858,549,48,No
103343,54,113794,49159,745,48,Yes
103344,31,107318,48714,577,48,No
103345,56,126704,20186,411,36,Yes
103346,37,41120,39185,772,48,Yes
103347,55,39790,36194,691,36,No
103348,38,78655,30230,442,24,Yes
103349,60,79643,32018,331,24,Yes
103350,42,113448,29665,480,24,No
103351,44,67374,46722,815,24,No
103352,39,62907,45159,568,24,Yes
103353,57,70071,49132,535,48,No
103354,59,140507,48139,576,60,No
103355,41,54812,26516,574,48,Yes
103356,28,69570,40272,385,60,Yes
103357,48,70901,29673,362,48,Yes
103358,25,80186,10239,703,24,No
103359,37,142066,31415,491,12,No
103360,57,148364,42888,592,60,Yes
103361,56,70251,32195,330,12,No
103362,39,85171,44161,629,24,No
103363,47,56160,34323,406,60,Yes
103364,54,39156,39964,575,12,No
103365,31,96208,41234,381,48,Yes
103366,32,99980,35763,363,24,No
103367,41,92320,39674,428,48,Yes
103368,31,37929,23105,555,48,No
103369,59,86606,49651,530,24,Yes
103370,48,108442,34739,796,60,No
103371,25,120154,36969,436,36,No
103372,37,82559,19497,754,36,No
103373,40,74205,6816,654,24,No
103374,61,130694,31483,784,36,No
103375,32,88475,48481,445,12,Yes
103376,26,84341,27159,332,60,No
103377,37,115377,8849,559,48,No
103378,39,62863,26612,386,48,No
103379,46,101837,44617,564,24,No
103380,64,85439,38826,841,48,Yes
103381,64,27194,49498,691,12,Yes
103382,52,91387,23706,531,12,Yes
103383,26,141361,29563,746,24,No
103384,56,101914,9359,428,48,No
103385,58,86214,35669,570,36,No
103386,31,116176,17809,388,36,Yes
103387,53,119292,43428,765,60,No
103388,44,49777,34454,469,24,No
103389,43,145355,12254,427,60,No
103390,35,46183,29785,473,36,Yes
103391,47,47445,7093,325,36,No
103392,31,87038,49498,810,36,No
103393,37,136477,45985,787,60,No
103394,34,107201,37009,705,24,No
103395,47,36198,21558,325,12,No
103396,38,41411,22718,382,12,Yes
103397,48,70577,21705,663,36,Yes
103398,24,35867,27082,666,24,No
103399,27,82501,17342,359,24,Yes
103400,55,34266,17239,591,48,Yes
103401,29,59422,37274,490,48,Yes
103402,28,55208,16419,760,60,No
103403,37,128538,47832,532,48,Yes
103404,37,141544,20003,773,60,No
103405,53,51213,35866,704,12,No
103406,52,27367,26988,570,36,No
103407,28,144158,48027,433,24,Yes
103408,39,99026,29908,470,12,Yes
103409,58,55362,10674,714,12,No
103410,23,139377,10002,327,60,No
103411,25,71588,32567,435,36,Yes
103412,33,58285,5910,704,60,No
103413,51,146683,34072,804,12,No
103414,36,145085,38717,540,24,Yes
103415,52,94755,26809,743,48,No
103416,42,91846,31651,733,60,No
103417,49,56307,49291,527,12,No
103418,42,115167,48989,808,48,No
103419,63,100280,21484,602,48,No
103420,23,39867,9646,333,12,No
103421,30,76523,44713,301,36,Yes
103422,62,104161,7400,661,12,No
103423,41,26378,49331,494,24,No
103424,36,104685,27185,607,48,No
103425,32,127669,23727,549,24,No
103426,22,96958,38120,446,60,Yes
103427,61,47926,6018,645,48,No
103428,44,123215,22563,647,36,No
103429,55,118707,10193,553,12,No
103430,50,33180,20701,698,60,No
103431,50,112837,8536,633,24,No
103432,55,138070,49610,475,60,Yes
103433,39,56931,23886,424,36,Yes
103434,28,44014,41587,697,12,Yes
103435,46,134775,34410,430,60,Yes
103436,60,116472,38744,706,24,No
103437,27,99872,43665,633,60,Yes
103438,50,78502,20957,319,12,No
103439,27,107736,37875,504,60,Yes
103440,23,25470,6626,654,24,No
103441,21,116395,30279,472,12,Yes
103442,56,34953,11229,488,36,No
103443,45,124580,11877,301,36,No
103444,57,58507,38642,467,48,Yes
103445,21,138961,43311,667,60,Yes
103446,35,112969,37356,835,24,No
103447,57,111493,8809,669,60,No
103448,33,26523,48371,736,12,No
103449,60,106923,39875,506,48,No
103450,28,77190,49513,348,24,Yes
103451,25,67761,14465,843,60,No
103452,29,51169,5559,428,24,No
103453,21,65641,13308,746,12,No
103454,56,42990,26353,334,48,No
103455,55,49661,20250,498,24,No
103456,22,33419,40814,376,12,Yes
103457,60,34457,21427,668,36,Yes
103458,43,87600,38276,825,24,No
103459,29,123619,11107,648,48,No
103460,54,96102,18476,805,24,No
103461,34,53085,8439,537,24,No
103462,24,117064,25312,579,12,No
103463,50,70654,26795,731,60,No
103464,51,26130,18136,437,60,No
103465,58,125723,19167,568,24,Yes
103466,31,22042,22300,500,48,Yes
103467,55,90134,22182,441,48,Yes
103468,28,62982,9971,654,12,No
103469,23,118422,31909,628,24,Yes
103470,34,85185,24659,530,24,No
103471,33,53477,36403,607,60,Yes
103472,52,134161,38586,445,12,Yes
103473,54,72709,15360,451,36,No
103474,39,48716,26424,439,48,No
103475,58,98137,37499,320,48,Yes
103476,36,56018,49695,553,24,Yes
103477,22,28061,8065,363,12,No
103478,60,28609,8259,517,36,No
103479,37,55371,17300,371,48,No
103480,54,130350,38370,461,12,Yes
103481,62,103021,9295,429,36,No
103482,36,40805,32209,524,24,Yes
103483,58,27857,47751,753,60,No
103484,22,31620,41295,683,48,No
103485,22,28177,25927,406,48,Yes
103486,46,50111,39579,402,36,No
103487,33,140770,49871,440,60,No
103488,51,108578,14032,433,12,No
103489,54,104181,32718,498,24,Yes
103490,59,109941,17877,809,12,No
103491,23,147049,45731,378,36,No
103492,28,31826,31666,781,48,Yes
103493,43,33890,46684,811,48,Yes
103494,34,102428,11766,549,12,No
103495,47,137067,27829,782,24,No
103496,49,146044,25221,471,36,Yes
103497,59,78031,30102,316,24,Yes
103498,59,139440,39433,593,36,No
103499,21,132134,20932,693,24,No
103500,37,95020,30714,797,12,No
103501,61,25495,44743,518,60,Yes
103502,50,48481,7552,533,36,No
103503,33,31267,19274,689,12,No
103504,41,137897,34250,547,48,Yes
103505,39,125702,7808,351,48,No
103506,39,26743,48858,314,24,Yes
103507,45,74800,20295,623,48,No
103508,42,123475,19669,740,60,No
103509,51,68773,15523,411,36,No
103510,37,77042,18769,306,24,Yes
103511,43,69476,49645,544,36,No
103512,52,147967,30207,747,36,No
103513,30,112105,40224,664,12,Yes
103514,30,48552,30557,666,48,No
103515,56,85242,43191,586,36,No
103516,28,65772,19246,405,60,No
103517,40,63730,17846,312,60,No
103518,52,48948,42085,445,48,No
103519,34,96311,18470,777,48,No
103520,48,89093,18176,414,24,Yes
103521,44,89123,46881,808,24,No
103522,35,36535,18546,451,24,Yes
103523,42,86490,11805,356,48,No
103524,50,66562,21788,681,36,Yes
103525,24,139042,34348,456,12,Yes
103526,33,145251,13080,432,24,Yes
103527,43,109080,40886,462,12,Yes
103528,28,147844,28764,574,60,No
103529,38,78535,11630,376,48,Yes
103530,32,118991,38333,343,60,Yes
103531,51,61269,20701,849,24,No
103532,34,100674,19859,617,36,No
103533,54,62462,26183,833,24,No
103534,38,23127,45438,453,12,No
103535,54,43147,36749,536,24,No
103536,31,65528,36887,816,36,No
103537,61,97095,47244,520,36,Yes
103538,32,133100,13776,609,48,No
103539,35,88931,20021,476,48,No
103540,51,110925,9327,519,36,No
103541,49,86381,12614,337,36,Yes
103542,46,119468,6245,730,12,No
103543,38,131258,46011,502,24,No
103544,52,83749,15355,747,48,No
103545,42,58672,38305,794,12,Yes
103546,58,33731,34714,424,24,Yes
103547,37,144647,22198,364,48,No
103548,43,74512,6415,543,12,No
103549,44,118658,48798,826,60,Yes
103550,28,71024,6652,525,60,No
103551,61,136712,48625,764,48,Yes
103552,26,121121,25446,592,12,No
103553,25,23832,23740,680,24,No
103554,64,52332,8810,465,24,No
103555,49,32467,21569,517,12,Yes
103556,48,61025,39319,574,60,Yes
103557,31,33107,18584,351,12,Yes
103558,21,148347,31783,673,60,No
103559,63,97994,38529,662,60,No
103560,39,114202,17511,313,24,Yes
103561,29,63481,14471,639,48,No
103562,47,22581,11163,838,36,No
103563,54,95118,21065,388,12,No
103564,64,144010,49654,340,60,No
103565,24,71638,22920,603,12,Yes
103566,56,143714,43969,567,48,Yes
103567,38,28418,24154,437,48,No
103568,35,113627,45167,305,36,Yes
103569,33,49113,25229,541,36,No
103570,39,104363,31997,461,60,No
103571,26,143607,26101,817,36,No
103572,32,83044,45391,700,60,No
103573,57,99955,15327,455,24,Yes
103574,37,81030,12187,384,60,No
103575,43,31814,34685,309,36,Yes
103576,46,119340,39948,437,12,No
103577,49,30024,39728,455,36,Yes
103578,53,83288,42921,707,48,No
103579,47,129236,12035,524,36,No
103580,45,77836,16471,483,24,Yes
103581,30,27435,33460,494,60,Yes
103582,43,87084,26071,695,48,No
103583,41,144023,5582,433,60,No
103584,41,90601,31189,608,60,Yes
103585,63,108416,20531,841,36,No
103586,33,140871,21672,308,12,Yes
103587,57,138645,45747,469,48,Yes
103588,53,23407,25243,589,24,Yes
103589,44,118943,8060,467,24,No
103590,64,52940,18731,643,12,No
103591,31,25666,17294,796,12,No
103592,37,57122,25719,444,36,Yes
103593,24,138647,31325,712,24,Yes
103594,45,45092,27597,756,48,No
103595,50,149753,6903,601,12,No
103596,29,143402,19551,345,12,Yes
103597,41,95645,32751,316,12,Yes
103598,40,121190,29278,659,48,No
103599,39,120468,30653,560,24,Yes
103600,39,149207,20141,422,48,No
103601,32,46505,7377,530,48,No
103602,57,56713,38615,411,36,Yes
103603,62,74387,32452,545,12,No
103604,37,63169,27725,690,24,No
103605,57,93282,14524,691,36,No
103606,59,97511,16698,627,36,No
103607,48,71742,48339,514,60,Yes
103608,61,60522,26175,666,12,No
103609,55,101132,17314,381,24,No
103610,38,139622,49197,375,24,Yes
103611,34,138764,7365,826,24,No
103612,55,123489,37017,802,12,Yes
103613,64,119397,37126,778,24,Yes
103614,61,23880,48372,671,48,Yes
103615,27,63454,49134,564,48,No
103616,61,75711,42823,563,12,Yes
103617,33,63539,10622,409,24,Yes
103618,38,128984,35540,606,60,No
103619,57,88321,45551,499,60,Yes
103620,33,107985,6949,525,60,Yes
103621,56,34799,47800,484,48,Yes
103622,51,134584,36912,330,60,Yes
103623,22,124843,37161,398,24,No
103624,36,80102,49387,638,24,No
103625,29,70726,21508,565,60,Yes
103626,29,68784,48713,649,36,Yes
103627,58,140364,6919,843,60,No
103628,31,133034,47595,756,36,No
103629,42,63333,14617,387,12,No
103630,53,60828,14732,362,12,Yes
103631,56,89526,38298,686,24,Yes
103632,43,74362,45617,758,48,Yes
103633,54,73997,11929,568,24,No
103634,29,143973,42117,645,24,No
103635,44,70341,19456,377,48,No
103636,28,39073,49063,664,24,Yes
103637,27,122399,26140,313,48,No
103638,56,34549,23185,435,24,No
103639,38,103795,42924,603,12,No
103640,23,76920,29240,696,36,Yes
103641,48,105326,26845,378,24,No
103642,26,95515,14228,717,36,Yes
103643,64,149392,26686,541,60,No
103644,64,40316,16920,350,24,Yes
103645,41,46183,12432,683,12,No
103646,48,113860,49971,674,48,No
103647,60,44624,11189,505,12,No
103648,21,82515,33039,788,36,No
103649,56,123712,38910,680,48,Yes
103650,41,105781,35226,610,12,Yes
103651,63,66705,12614,674,12,No
103652,55,109326,26224,341,12,Yes
103653,33,46756,23013,832,48,No
103654,30,80390,26446,821,12,Yes
103655,64,88369,44673,452,12,Yes
103656,30,90821,42657,611,36,No
103657,33,29589,9839,593,12,No
103658,57,133012,41725,412,12,No
103659,58,34116,35203,411,60,Yes
103660,44,93181,5557,474,48,No
103661,22,64786,35666,601,60,Yes
103662,42,114686,42389,815,36,No
103663,37,143711,38607,520,60,No
103664,56,96425,29578,470,24,No
103665,34,50286,14243,617,48,Yes
103666,30,123081,14596,512,12,No
103667,55,35994,11998,552,60,No
103668,45,121039,15129,423,60,No
103669,23,131915,5510,512,12,Yes
103670,58,142961,16596,384,12,No
103671,37,110198,17974,815,36,Yes
103672,32,124672,6137,364,60,No
103673,44,46639,32897,617,60,No
103674,49,37205,9666,645,24,Yes
103675,63,76677,13906,542,24,Yes
103676,45,52930,26818,436,60,No
103677,56,93313,48246,546,24,Yes
103678,46,113851,7654,740,60,No
103679,58,133153,38758,344,48,No
103680,21,112509,29204,388,36,No
103681,40,38316,39928,527,24,Yes
103682,48,47304,35552,590,60,Yes
103683,36,121839,15336,721,24,Yes
103684,37,116058,21206,366,36,No
103685,60,107876,39831,550,48,Yes
103686,48,105366,48563,340,12,Yes
103687,32,33403,23361,398,12,No
103688,47,100052,46335,605,24,Yes
103689,62,137478,13933,755,60,Yes
103690,50,104627,30816,600,36,No
103691,61,93495,20619,498,48,No
103692,54,51932,42687,787,48,No
103693,57,116090,31943,405,48,No
103694,26,56701,31819,700,12,No
103695,27,23385,16741,776,36,No
103696,52,141324,13798,421,12,Yes
103697,52,119226,30143,376,24,No
103698,45,77241,37747,611,48,No
103699,53,30367,38651,411,36,Yes
103700,27,85030,26182,817,48,No
103701,32,66505,14415,496,12,No
103702,36,144462,16085,397,12,No
103703,36,53332,20008,758,12,No
103704,63,105178,27102,529,48,No
103705,56,96325,23452,467,36,No
103706,33,55268,13120,307,36,No
103707,27,106486,12820,471,24,No
103708,56,45563,49669,659,48,No
103709,29,125185,23170,494,24,Yes
103710,52,56404,21259,568,24,Yes
103711,31,75182,27099,318,24,No
103712,28,52991,14649,653,24,No
103713,53,124601,35255,348,12,Yes
103714,43,67663,46037,763,24,Yes
103715,45,85886,16805,655,36,Yes
103716,28,142002,48147,457,24,No
103717,42,103848,13744,365,12,No
103718,24,44127,46241,607,60,Yes
103719,60,77692,37305,636,60,No
103720,23,114389,30857,420,60,Yes
103721,49,57500,15679,703,48,No
103722,61,53785,34829,395,36,Yes
103723,49,104146,15985,413,12,No
103724,54,109126,33287,728,60,No
103725,54,114979,17391,839,12,No
103726,48,67997,9861,301,12,No
103727,33,27170,39364,511,48,Yes
103728,35,33303,21863,632,60,No
103729,43,91743,36499,323,24,Yes
103730,64,97852,32794,667,12,No
103731,46,55187,47923,805,60,No
103732,24,85034,12919,475,12,Yes
103733,46,91776,48102,728,48,No
103734,60,21893,25282,741,48,No
103735,29,33753,39840,847,24,Yes
103736,25,58090,47255,813,48,No
103737,52,84922,10624,660,60,No
103738,40,96768,38706,573,48,No
103739,31,79412,13176,476,24,Yes
103740,35,142406,38529,563,36,Yes
103741,52,76030,17941,485,12,No
103742,48,37509,6669,826,12,No
103743,42,88653,44896,578,60,No
103744,61,56929,25246,497,24,No
103745,37,149626,49859,648,24,Yes
103746,46,68291,45076,720,24,No
103747,64,24042,25323,604,12,No
103748,27,82574,38894,363,48,Yes
103749,62,57201,11021,589,12,No
103750,46,112282,44205,317,12,No
103751,45,34016,44807,363,12,Yes
103752,30,45022,41903,629,48,Yes
103753,39,120962,49732,316,36,Yes
103754,31,47938,13711,742,60,No
103755,33,63678,12904,440,36,No
103756,28,138171,40051,607,36,No
103757,60,149638,25942,743,12,Yes
103758,24,121248,29251,795,36,No
103759,51,81720,30058,725,12,No
103760,48,125514,40245,774,12,No
103761,31,76805,8093,544,60,No
103762,63,94323,29918,749,24,No
103763,21,21986,12207,650,12,No
103764,58,96478,14394,460,36,Yes
103765,44,102994,31974,439,60,Yes
103766,51,32161,33172,792,36,Yes
103767,61,40689,37283,830,24,No
103768,46,147101,43995,692,48,Yes
103769,25,114699,18280,700,24,No
103770,40,80924,41303,349,60,Yes
103771,61,121311,32453,594,24,No
103772,31,119273,48350,724,24,No
103773,53,94308,7913,311,60,No
103774,58,121128,30765,634,60,No
103775,47,83745,7340,314,36,Yes
103776,54,146881,31179,327,12,Yes
103777,35,21211,32873,687,48,Yes
103778,52,20229,43057,591,48,No
103779,41,138972,5597,549,48,No
103780,25,68542,34119,804,24,No
103781,26,34345,20025,397,60,No
103782,58,121489,12145,636,60,No
103783,42,51819,40670,338,60,Yes
103784,38,67779,46723,337,12,Yes
103785,34,102421,12694,599,60,No
103786,30,112244,9830,478,60,No
103787,33,85584,28930,768,24,Yes
103788,51,39950,28752,581,36,No
103789,50,35173,47602,463,48,Yes
103790,23,137743,15489,752,24,Yes
103791,50,78032,37692,396,24,No
103792,26,135074,20768,608,24,No
103793,49,119273,48132,561,48,No
103794,28,48036,7160,592,24,No
103795,64,143885,25133,548,36,No
103796,63,132857,40690,544,60,Yes
103797,64,91356,27870,550,36,Yes
103798,53,34292,29496,422,60,No
103799,37,23052,41572,624,60,No
103800,31,64377,7368,800,24,No
103801,33,109317,45861,365,24,Yes
103802,31,87838,41700,358,48,Yes
103803,51,87819,34203,797,12,No
103804,48,133689,16552,672,36,Yes
103805,64,128103,10608,565,48,Yes
103806,26,35620,27485,535,48,No
103807,61,50461,47060,517,36,Yes
103808,36,40750,14862,826,36,No
103809,24,118426,43299,740,60,Yes
103810,55,108719,15412,705,12,Yes
103811,46,29472,26354,768,24,No
103812,32,89263,11344,409,12,No
103813,31,132036,45655,652,12,Yes
103814,57,77602,22993,390,24,Yes
103815,45,45523,33682,713,12,No
103816,38,50766,33415,372,48,No
103817,39,123262,24323,846,48,Yes
103818,43,86060,22997,597,24,No
103819,58,29079,8679,582,24,No
103820,38,28399,34489,804,36,Yes
103821,46,80726,45308,497,36,Yes
103822,26,112906,14488,331,12,No
103823,24,36532,44842,640,12,Yes
103824,64,142689,8996,633,24,No
103825,49,102357,10695,442,12,Yes
103826,54,63162,35204,709,60,No
103827,37,23749,28382,343,48,Yes
103828,63,31353,19235,331,12,Yes
103829,63,132313,7366,327,12,No
103830,36,48477,32467,722,36,No
103831,22,44570,11764,790,60,No
103832,54,106373,30360,459,12,No
103833,28,31437,36923,506,48,Yes
103834,33,58104,35175,317,12,No
103835,62,83370,21292,402,24,Yes
103836,28,24551,6614,531,60,No
103837,50,88359,25939,723,12,No
103838,52,74880,23800,846,60,No
103839,56,32916,28246,538,12,No
103840,50,146150,36688,633,48,Yes
103841,21,100703,32962,448,48,No
103842,63,61445,34764,707,60,No
103843,59,67636,37470,316,36,Yes
103844,37,93927,43501,525,36,Yes
103845,40,98194,8216,559,24,Yes
103846,44,49685,27072,473,36,No
103847,42,71134,33242,504,60,No
103848,49,108916,42132,714,36,No
103849,42,127967,22861,807,24,No
103850,64,114455,9960,452,12,No
103851,29,147763,23781,402,36,Yes
103852,57,87847,46069,364,60,Yes
103853,30,59993,36126,416,60,Yes
103854,56,64333,46609,455,24,Yes
103855,57,128574,27578,381,24,No
103856,48,78865,45498,817,48,No
103857,48,99096,22883,366,48,No
103858,62,69756,34782,537,48,Yes
103859,63,142863,21979,625,12,No
103860,41,81192,38746,366,60,Yes
103861,44,80686,5730,475,48,No
103862,62,68733,5056,777,60,No
103863,60,124089,36457,554,24,No
103864,22,45993,7243,362,12,No
103865,28,50492,6701,702,24,No
103866,47,40981,13303,491,60,Yes
103867,42,44143,20100,628,48,No
103868,57,97603,47161,370,24,No
103869,47,109452,5947,362,36,No
103870,49,80277,25505,596,12,Yes
103871,23,127044,11553,544,60,No
103872,64,131957,38525,818,48,No
103873,33,69990,19866,692,24,No
103874,30,148406,35472,476,12,No
103875,56,82888,49348,503,48,Yes
103876,29,89351,10651,832,24,No
103877,47,117372,12273,427,60,No
103878,54,69999,15033,494,36,No
103879,21,123013,8535,493,36,No
103880,52,122811,23677,483,60,No
103881,45,124879,22488,546,12,No
103882,49,90309,46621,623,60,No
103883,27,32446,5908,459,24,No
103884,23,50733,9617,365,12,No
103885,40,139156,47816,553,36,Yes
103886,40,96000,35431,582,24,No
103887,50,68632,28453,359,48,No
103888,55,41576,40079,417,48,Yes
103889,55,23320,21020,722,48,No
103890,59,30750,31562,335,36,Yes
103891,47,123002,29373,830,60,No
103892,46,73463,35164,390,12,No
103893,34,46572,6885,600,36,No
103894,37,138361,6049,516,24,No
103895,38,37948,48271,397,24,Yes
103896,49,146898,6161,755,48,No
103897,40,136528,5815,830,12,No
103898,47,58826,41534,837,48,No
103899,38,109051,32498,327,24,Yes
103900,24,47867,30037,623,24,No
103901,21,80231,41007,522,60,Yes
103902,21,86262,18942,379,60,No
103903,46,111356,32278,757,60,Yes
103904,40,146340,13272,475,48,No
103905,43,92233,38637,821,12,No
103906,30,64678,43294,756,60,No
103907,31,127561,12741,722,36,No
103908,61,32963,9694,399,60,No
103909,61,84360,35306,702,48,No
103910,25,69434,6934,679,12,No
103911,21,86617,26556,830,60,No
103912,37,40269,23907,631,12,No
103913,42,137569,11159,617,36,No
103914,54,96312,34158,836,24,No
103915,61,117352,25293,388,12,No
103916,49,99732,38932,810,60,No
103917,24,137658,38387,341,48,No
103918,25,127648,45750,688,48,No
103919,31,101494,8066,380,48,Yes
103920,41,108905,26256,701,48,No
103921,55,97225,46406,406,12,Yes
103922,32,102867,40105,410,48,Yes
103923,46,57528,10594,576,24,No
103924,39,144597,7460,513,36,No
103925,27,98972,11820,805,12,No
103926,27,85602,41210,420,12,Yes
103927,46,116261,21191,433,48,No
103928,60,110748,24095,670,48,Yes
103929,25,143193,15529,556,12,Yes
103930,41,146277,37175,479,48,Yes
103931,34,53332,22675,347,48,Yes
103932,24,144481,48158,318,48,No
103933,43,110937,10374,345,48,No
103934,62,149529,30976,750,48,No
103935,40,98929,18142,355,60,No
103936,35,89206,17204,391,60,Yes
103937,49,111137,12394,381,60,No
103938,28,22251,38593,378,12,Yes
103939,61,65717,46964,582,36,No
103940,39,119108,16652,610,12,No
103941,59,47027,38740,459,60,Yes
103942,48,117382,49036,615,12,Yes
103943,47,106551,5443,455,36,No
103944,24,29583,28903,767,48,No
103945,35,70387,38522,761,24,Yes
103946,55,43104,33180,416,60,No
103947,57,32224,26119,663,60,No
103948,21,80624,15363,765,36,No
103949,23,76058,48665,483,48,No
103950,44,124320,43164,465,48,Yes
103951,47,116372,36541,374,24,Yes
103952,60,49299,8465,571,48,No
103953,56,98572,7711,802,36,No
103954,54,105469,30198,642,48,No
103955,49,97928,27488,550,36,No
103956,44,149518,43515,429,60,Yes
103957,44,93474,28608,657,60,No
103958,62,24141,32898,707,60,No
103959,24,43350,6919,794,12,Yes
103960,23,95082,36171,781,60,No
103961,54,90871,25599,377,36,Yes
103962,43,25077,21965,813,24,No
103963,43,66015,19434,620,48,No
103964,25,91147,41649,589,60,No
103965,51,79180,6999,596,12,No
103966,61,60857,19849,774,12,No
103967,26,121196,15903,322,36,Yes
103968,57,79840,10445,471,24,No
103969,30,145463,40396,617,60,Yes
103970,60,79902,23040,492,60,Yes
103971,27,25577,5246,417,12,No
103972,59,40002,36153,305,36,Yes
103973,58,70711,10212,782,12,No
103974,41,59451,8339,431,12,No
103975,40,119811,28142,392,24,No
103976,23,69103,24394,821,36,Yes
103977,42,48647,40136,593,24,No
103978,24,54831,17186,691,36,No
103979,48,138330,39607,548,60,Yes
103980,32,120304,43973,716,48,No
103981,58,116498,9395,442,48,No
103982,56,148949,20290,536,36,No
103983,61,133870,27151,586,48,No
103984,25,115119,8691,576,12,No
103985,33,86830,12470,686,60,No
103986,43,100632,8841,681,60,Yes
103987,50,56833,42116,749,48,Yes
103988,57,132394,22776,590,36,Yes
103989,45,112864,11060,468,12,No
103990,47,44398,32584,742,36,Yes
103991,34,144633,9300,483,48,No
103992,56,81554,8338,344,60,No
103993,59,70755,10487,567,60,No
103994,36,37706,41282,775,36,Yes
103995,42,42340,34529,552,24,Yes
103996,41,84994,35262,695,36,Yes
103997,41,83884,16280,588,24,No
103998,28,104361,48075,511,36,Yes
103999,36,37482,33804,320,24,Yes
104000,51,74225,14915,615,24,No
104001,62,78849,16158,737,24,No
104002,30,94854,13621,722,24,Yes
104003,52,61256,15547,532,12,No
104004,54,129545,28177,422,24,Yes
104005,29,128721,7459,513,24,No
104006,37,101110,33768,339,60,Yes
104007,31,133606,43041,631,12,Yes
104008,52,34650,47225,481,24,Yes
104009,30,66118,43191,564,48,No
104010,42,48930,22434,832,12,No
104011,37,105707,43247,731,60,No
104012,24,149030,20419,495,36,No
104013,45,120400,40017,808,60,Yes
104014,41,31801,40577,746,60,No
104015,57,71360,7921,827,12,No
104016,58,107908,9676,501,12,No
104017,21,36559,25425,432,48,No
104018,45,52334,40185,438,48,No
104019,56,125473,18463,792,12,No
104020,37,33288,30474,369,12,Yes
104021,61,42398,45935,314,12,No
104022,44,96230,6469,511,36,No
104023,22,32191,12292,359,60,No
104024,60,38051,30409,551,48,No
104025,35,81715,28526,745,48,No
104026,52,30737,28465,301,24,No
104027,59,85140,35955,635,36,No
104028,26,45251,31785,318,12,Yes
104029,21,70975,26033,377,12,Yes
104030,43,25147,11931,771,36,No
104031,59,70508,6091,327,48,No
104032,37,72224,30772,464,12,No
104033,54,39643,21363,757,24,Yes
104034,61,58967,33490,475,48,Yes
104035,49,118850,5260,328,60,Yes
104036,29,123535,15456,578,36,No
104037,33,60733,27320,582,48,Yes
104038,26,104003,18435,778,60,No
104039,26,54808,47145,818,24,Yes
104040,40,139222,32025,604,36,Yes
104041,23,87288,33109,408,12,No
104042,37,78959,25754,623,12,Yes
104043,32,21849,9301,505,60,Yes
104044,21,88178,12207,533,48,Yes
104045,37,87136,32920,757,24,No
104046,23,80740,27203,486,60,No
104047,46,132255,26545,781,24,No
104048,35,106322,29016,706,24,No
104049,56,64565,36098,808,24,Yes
104050,52,40183,13556,819,36,No
104051,52,135306,25102,352,60,No
104052,24,21132,43893,697,36,No
104053,38,58259,6924,498,48,No
104054,39,116612,24479,690,48,No
104055,63,83668,44451,797,12,No
104056,55,148355,23922,471,12,No
104057,60,58563,23660,385,12,Yes
104058,34,112227,14945,485,48,Yes
104059,53,128835,5306,455,24,Yes
104060,34,30931,27959,792,24,No
104061,54,147156,9231,820,60,No
104062,24,93169,43796,429,48,Yes
104063,44,149457,17207,380,12,Yes
104064,49,70639,44426,683,48,No
104065,39,142536,11336,594,24,Yes
104066,26,123313,14630,568,24,No
104067,53,78901,22256,834,36,No
104068,60,120417,38909,677,36,No
104069,39,21044,46168,675,60,Yes
104070,21,66691,38719,387,48,Yes
104071,25,120735,47017,410,36,Yes
104072,47,44363,35013,453,36,Yes
104073,36,66694,19455,762,48,No
104074,26,21582,9722,455,24,No
104075,60,99910,17812,617,60,Yes
104076,33,86844,35276,537,60,Yes
104077,55,41301,41776,633,60,Yes
104078,39,94329,15060,405,36,Yes
104079,32,21620,18056,781,24,No
104080,36,82224,11655,681,60,No
104081,63,76655,27574,560,48,No
104082,30,115419,18027,592,60,No
104083,45,57534,9030,634,12,No
104084,40,140050,29243,775,24,No
104085,51,123496,38289,524,12,Yes
104086,24,59390,24739,753,24,No
104087,64,91629,39168,595,48,No
104088,43,75856,49698,762,36,Yes
104089,22,69252,41491,513,36,Yes
104090,42,75809,35013,457,24,No
104091,57,42259,11579,571,60,No
104092,28,40655,23242,537,12,Yes
104093,27,53005,9781,602,48,No
104094,34,51629,25448,820,60,No
104095,23,43610,26446,620,36,No
104096,36,77184,16043,358,60,Yes
104097,39,41602,24853,657,12,Yes
104098,38,105945,25079,550,36,No
104099,36,31110,22101,735,24,No
104100,28,26073,5642,445,48,No
104101,53,120846,33016,651,48,Yes
104102,32,100818,23932,544,36,No
104103,31,30195,49653,600,24,Yes
104104,25,21537,29945,737,12,No
104105,47,37138,12549,399,48,No
104106,32,64328,18397,779,36,No
104107,37,145138,30362,714,48,Yes
104108,26,66202,38717,464,24,Yes
104109,53,60164,28016,601,12,No
104110,25,146545,19732,420,24,No
104111,48,109743,31911,387,60,No
104112,34,74659,22866,516,24,No
104113,25,106155,47607,478,24,No
104114,53,69692,32621,462,48,No
104115,61,140198,17823,469,24,No
104116,39,44845,34986,600,36,Yes
104117,42,109846,19690,673,48,No
104118,25,123435,44107,502,48,Yes
104119,22,50562,15956,346,60,No
104120,50,48036,26303,762,36,Yes
104121,59,80752,41533,707,24,No
104122,24,94233,34674,493,60,No
104123,53,103049,40595,726,36,No
104124,33,128575,7058,616,60,No
104125,40,88681,16519,778,12,No
104126,27,47818,36115,720,24,No
104127,35,50544,5730,568,60,No
104128,43,82532,6832,780,12,No
104129,34,98636,46368,562,24,Yes
104130,43,77705,27889,725,60,Yes
104131,39,40104,44938,465,60,Yes
104132,49,144336,9179,727,60,No
104133,40,147904,11299,696,60,No
104134,49,89603,12830,515,48,Yes
104135,44,122499,49207,406,60,Yes
104136,38,79025,42570,397,48,Yes
104137,30,116264,27441,781,48,No
104138,61,52317,11615,798,12,No
104139,28,51416,11762,529,24,No
104140,46,62012,43311,556,48,Yes
104141,49,125585,29709,342,36,Yes
104142,30,88045,42651,541,48,Yes
104143,37,41400,28434,394,36,Yes
104144,22,68270,26343,487,12,No
104145,26,92069,20739,684,36,No
104146,25,139415,5666,699,12,No
104147,48,69833,38044,805,12,Yes
104148,61,83644,32883,466,12,Yes
104149,25,100206,19063,424,36,Yes
104150,38,89468,38649,386,36,Yes
104151,46,132899,39828,788,12,Yes
104152,40,79473,44470,525,12,Yes
104153,61,65809,14429,644,24,Yes
104154,47,58328,37926,817,12,No
104155,32,56784,42997,330,60,Yes
104156,27,43723,45724,595,24,Yes
104157,23,80646,37269,713,24,Yes
104158,30,86255,36704,434,24,Yes
104159,54,20074,33391,824,60,No
104160,45,144173,29187,303,24,Yes
104161,55,46498,7526,477,24,Yes
104162,36,85522,29686,558,36,No
104163,22,116881,12803,364,36,No
104164,44,40541,37668,662,12,No
104165,30,65929,11574,316,12,Yes
104166,58,143199,13733,499,48,No
104167,42,120453,12257,843,60,No
104168,46,46028,41051,511,36,Yes
104169,63,49545,20909,734,12,No
104170,59,99569,29146,572,60,No
104171,47,51673,16802,589,24,No
104172,49,50974,12896,782,60,No
104173,58,78899,33133,533,36,No
104174,40,43097,18526,707,48,No
104175,47,122511,16278,445,36,No
104176,61,113144,30551,729,12,No
104177,40,84824,30298,731,12,No
104178,64,43525,40338,844,60,Yes
104179,39,77804,27191,796,36,No
104180,40,35043,38092,388,12,No
104181,55,61846,28871,710,24,No
104182,22,97261,14721,540,24,No
104183,50,122240,43413,522,48,No
104184,54,127611,35279,767,60,No
104185,42,70227,19404,621,12,No
104186,23,73028,9486,674,48,Yes
104187,26,57383,40198,411,24,Yes
104188,35,49483,33687,826,48,No
104189,47,27265,18156,711,48,No
104190,30,42763,5567,568,12,No
104191,29,95652,7179,551,12,No
104192,53,35733,7019,673,12,No
104193,52,132196,20919,749,60,No
104194,26,111038,24703,836,48,No
104195,61,57420,23704,667,48,No
104196,56,141480,23030,554,60,No
104197,22,128777,8909,762,24,No
104198,49,29247,13015,567,36,No
104199,24,43840,8420,425,24,No
104200,21,85149,21740,692,60,No
104201,39,41058,45253,633,48,Yes
104202,46,135229,35328,667,48,Yes
104203,45,54929,24465,755,12,Yes
104204,30,104171,9131,366,12,Yes
104205,35,111164,15652,365,48,Yes
104206,42,51362,26507,699,48,No
104207,41,106489,28806,586,12,No
104208,42,104664,24171,485,12,No
104209,56,67356,25593,583,24,No
104210,54,97597,14470,815,48,No
104211,50,147880,49308,536,48,No
104212,45,26041,26326,317,60,Yes
104213,48,98209,9597,713,24,No
104214,21,147037,42304,308,36,No
104215,24,81954,35788,719,36,No
104216,27,81869,47725,328,36,Yes
104217,29,41059,41930,647,12,Yes
104218,56,119864,38071,749,36,No
104219,39,64722,10067,679,60,No
104220,21,37548,10024,665,12,Yes
104221,30,35078,12715,526,12,No
104222,56,25419,36770,417,36,Yes
104223,29,55490,16226,711,12,No
104224,62,96086,40399,655,24,No
104225,52,135158,18412,553,24,No
104226,52,78760,49415,842,36,No
104227,26,50337,17569,743,60,No
104228,58,21468,7369,380,12,Yes
104229,37,44309,49427,345,48,Yes
104230,30,86344,37021,348,36,Yes
104231,47,110283,5528,748,12,No
104232,55,92255,48270,706,36,Yes
104233,41,147006,35314,582,36,Yes
104234,45,101899,42443,772,60,No
104235,48,48718,23047,715,48,No
104236,35,114337,24748,420,12,Yes
104237,24,128895,40109,302,36,Yes
104238,49,57841,18919,615,36,No
104239,29,93548,20256,759,12,No
104240,47,103565,9905,526,36,Yes
104241,46,66660,13884,378,36,No
104242,39,126553,33906,843,36,No
104243,48,70281,46911,370,24,Yes
104244,37,133451,10950,496,24,Yes
104245,63,136041,6360,357,48,No
104246,61,20767,42895,723,60,No
104247,62,23895,26946,768,12,No
104248,40,78026,13730,347,60,Yes
104249,60,138142,27161,734,60,No
104250,59,62968,32738,484,24,No
104251,43,60097,8925,464,48,No
104252,52,35332,13463,630,60,No
104253,53,34621,22412,629,60,No
104254,25,96870,27402,420,36,Yes
104255,63,38174,39010,512,12,No
104256,54,144357,30717,806,48,Yes
104257,60,119189,46552,467,12,Yes
104258,31,60502,14797,845,24,No
104259,23,56674,25594,726,60,Yes
104260,53,57260,11406,520,60,No
104261,31,62498,18965,309,12,No
104262,36,87609,18733,419,24,No
104263,38,69464,31926,546,36,No
104264,50,91805,33783,659,36,No
104265,30,84919,22824,520,60,Yes
104266,38,148564,41394,805,60,No
104267,58,74469,47842,357,48,Yes
104268,39,37194,33287,759,12,No
104269,56,46811,21568,427,60,No
104270,33,92377,35436,385,24,No
104271,23,145737,26380,403,12,Yes
104272,30,63723,29796,442,48,Yes
104273,58,120336,13031,504,36,No
104274,21,95235,26947,337,48,Yes
104275,47,131041,8188,662,12,No
104276,28,96298,30669,608,36,No
104277,62,79238,40713,351,24,Yes
104278,37,148353,36813,300,36,Yes
104279,29,125433,11765,310,36,No
104280,26,137393,28171,513,24,Yes
104281,63,127092,15807,817,60,No
104282,45,22147,15204,714,60,No
104283,59,118919,32066,307,36,Yes
104284,48,119251,47120,304,36,Yes
104285,53,58445,42367,661,48,No
104286,57,73803,27658,411,60,No
104287,29,147253,42081,572,24,No
104288,38,81108,39986,721,36,No
104289,41,126170,18786,564,36,Yes
104290,22,22013,34283,757,48,No
104291,63,105617,5056,511,48,No
104292,58,102410,37911,377,48,Yes
104293,60,73502,44986,520,12,No
104294,56,137116,13559,668,24,No
104295,63,57755,31058,646,12,No
104296,57,28733,27745,324,36,Yes
104297,35,29479,5615,719,48,No
104298,48,95361,13062,653,48,No
104299,38,41304,33214,716,48,No
104300,54,55694,49288,814,60,No
104301,42,144232,43745,514,24,No
104302,31,125586,49187,411,12,Yes
104303,33,101171,47548,727,24,No
104304,24,134151,15681,515,48,No
104305,42,106296,11984,712,36,No
104306,27,29490,32579,679,60,No
104307,63,41252,30274,531,24,Yes
104308,44,125290,42739,557,36,No
104309,24,26862,32399,555,48,No
104310,48,130463,36481,702,48,No
104311,35,89959,5944,723,48,No
104312,21,30450,33457,364,48,Yes
104313,23,76022,14114,489,60,Yes
104314,34,147898,44846,472,60,No
104315,58,81991,23130,526,24,Yes
104316,21,60927,17312,687,48,No
104317,58,120377,37596,700,60,Yes
104318,58,108090,43551,512,36,Yes
104319,41,69853,14751,352,60,No
104320,49,51826,11907,438,60,Yes
104321,25,62879,33114,717,24,No
104322,30,77265,30009,442,60,No
104323,48,92361,24310,808,36,No
104324,41,128956,40725,785,48,Yes
104325,27,97990,23996,736,12,No
104326,23,109787,11047,842,24,No
104327,40,106184,44017,592,36,No
104328,39,60736,33767,583,24,No
104329,55,44530,21347,313,48,Yes
104330,24,98052,41527,571,60,Yes
104331,25,67058,29102,324,60,Yes
104332,21,126080,9263,621,36,No
104333,24,94094,48049,402,48,Yes
104334,32,94255,6902,339,12,No
104335,47,24886,35823,534,12,No
104336,62,146598,35540,388,60,No
104337,43,113721,40335,399,48,No
104338,45,138623,15190,443,48,No
104339,41,57387,45843,381,36,Yes
104340,44,41575,32690,528,12,No
104341,45,132260,7994,694,36,No
104342,52,128649,42997,812,24,Yes
104343,52,59643,7010,496,48,No
104344,25,30100,12377,573,12,No
104345,56,80356,18036,671,36,No
104346,62,27856,31467,379,60,Yes
104347,62,58169,5048,534,24,No
104348,59,48804,41978,586,36,No
104349,36,149557,21038,844,60,No
104350,53,55790,37576,736,12,No
104351,41,50988,12878,426,12,Yes
104352,29,129979,32609,716,24,No
104353,26,96448,29070,340,60,No
104354,55,58506,45647,768,48,No
104355,59,133430,26996,596,12,No
104356,42,107904,23161,341,48,Yes
104357,61,87306,45148,578,48,No
104358,25,32305,7228,758,36,No
104359,62,29969,31365,332,36,Yes
104360,43,32404,30188,575,12,Yes
104361,37,28989,47582,389,48,Yes
104362,32,85305,13888,823,36,No
104363,43,55983,28130,459,60,No
104364,36,130284,44159,757,60,Yes
104365,23,59462,47197,698,60,No
104366,50,39360,23790,390,60,No
104367,42,105657,29824,765,48,Yes
104368,29,46287,38405,519,60,Yes
104369,49,85472,29474,718,48,No
104370,57,135440,22333,678,12,No
104371,43,128965,47864,746,12,No
104372,33,81313,41355,445,60,Yes
104373,52,54160,38879,532,60,Yes
104374,43,26789,13367,670,60,No
104375,37,47181,5722,533,12,No
104376,60,34385,36145,666,36,Yes
104377,41,102597,42634,780,12,Yes
104378,22,85641,15139,662,60,Yes
104379,57,64247,7128,810,36,No
104380,26,106673,46886,394,36,Yes
104381,64,120250,25617,515,24,No
104382,38,25544,33080,842,48,No
104383,50,135783,40285,434,60,No
104384,42,33275,22533,382,48,Yes
104385,53,125289,37624,690,24,Yes
104386,50,83248,32956,346,48,No
104387,37,54550,47443,691,60,No
104388,63,73693,38077,684,24,Yes
104389,52,148924,8952,680,48,No
104390,62,39641,47460,376,12,Yes
104391,34,91749,27796,558,36,No
104392,30,144877,36746,698,24,Yes
104393,56,100021,26249,399,12,No
104394,54,35605,5015,800,60,No
104395,29,123173,30957,682,36,No
104396,62,70713,21005,491,24,No
104397,48,40390,26292,644,36,Yes
104398,31,95403,36876,309,24,Yes
104399,34,78466,19817,563,24,No
104400,59,23981,30470,567,48,No
104401,39,29493,14759,494,36,No
104402,35,91218,11412,706,36,No
104403,48,91318,25504,595,12,Yes
104404,44,135631,47964,396,60,Yes
104405,28,139238,13507,761,12,No
104406,63,115335,26050,386,48,Yes
104407,29,127441,9820,376,24,Yes
104408,53,36984,12835,782,48,No
104409,53,145580,32631,445,48,No
104410,39,131316,39617,410,12,Yes
104411,23,42760,18587,596,24,No
104412,30,111529,39721,725,60,Yes
104413,60,21524,11840,633,48,Yes
104414,62,138454,42834,822,60,Yes
104415,21,69402,36440,837,24,Yes
104416,49,111656,40183,461,24,No
104417,54,85614,35636,729,12,No
104418,33,55891,7389,368,36,No
104419,21,111009,5763,432,12,Yes
104420,54,59832,28925,488,60,No
104421,49,65836,31549,578,12,Yes
104422,33,93953,44023,729,24,Yes
104423,49,33362,44941,841,48,No
104424,59,86745,28457,460,36,No
104425,44,57921,26423,752,24,Yes
104426,46,90434,15518,469,48,Yes
104427,37,147717,48020,356,60,No
104428,27,38562,37360,539,60,Yes
104429,33,84510,33173,657,60,No
104430,25,96407,14395,500,12,No
104431,46,27610,49835,743,60,No
104432,23,129381,24207,601,60,Yes
104433,27,112918,43055,405,12,No
104434,59,35791,31639,400,48,Yes
104435,21,78047,33924,396,24,Yes
104436,37,120848,12433,328,36,No
104437,63,123826,35104,805,60,No
104438,45,87906,49052,737,60,Yes
104439,23,39665,42594,678,60,No
104440,35,90246,8664,372,12,No
104441,49,85864,15528,553,12,Yes
104442,63,66451,33190,815,12,No
104443,52,123883,5497,849,36,No
104444,46,106148,12641,319,24,Yes
104445,36,65890,9643,834,60,No
104446,45,26794,10056,720,48,No
104447,48,52888,37899,745,60,No
104448,29,26749,10443,435,60,Yes
104449,21,66531,22241,804,60,Yes
104450,49,135652,13712,600,60,Yes
104451,42,40608,13221,332,24,Yes
104452,36,100986,36346,577,48,Yes
104453,61,89211,20660,432,12,Yes
104454,64,140382,43915,826,48,Yes
104455,61,103996,16588,425,60,No
104456,27,76017,42372,644,48,No
104457,34,123947,47220,316,60,Yes
104458,49,77676,22942,677,48,Yes
104459,39,31560,41373,359,36,No
104460,39,74401,6607,766,48,No
104461,22,70468,49477,690,12,Yes
104462,61,135884,7016,486,12,No
104463,35,52463,8574,797,48,No
104464,23,51663,12274,660,48,No
104465,31,133687,47703,748,24,Yes
104466,50,88706,20748,480,48,No
104467,60,78773,25175,429,12,Yes
104468,38,53123,44174,448,36,Yes
104469,22,114346,16826,771,12,No
104470,52,29718,22472,799,24,No
104471,28,146777,39129,654,48,Yes
104472,42,82637,9473,510,36,No
104473,26,20028,28490,329,12,No
104474,32,82370,45087,323,36,Yes
104475,60,67599,46435,521,60,Yes
104476,56,37397,14481,700,12,No
104477,35,129198,13520,811,60,No
104478,48,127323,31415,387,36,Yes
104479,38,65406,22570,764,48,Yes
104480,22,67657,24798,349,48,Yes
104481,33,87560,8536,402,48,No
104482,35,143178,6773,667,60,No
104483,40,124143,34894,791,48,No
104484,49,144745,48023,567,24,Yes
104485,62,146896,40326,696,12,Yes
104486,49,33503,10079,619,12,No
104487,23,74943,30838,819,36,Yes
104488,39,95839,26804,748,60,No
104489,23,102674,24675,775,12,Yes
104490,34,45345,30594,539,60,No
104491,60,138423,47749,557,36,Yes
104492,24,70390,41292,689,48,Yes
104493,31,115041,13998,642,36,No
104494,51,79557,18697,686,24,No
104495,63,85054,18429,693,48,No
104496,52,21906,12140,569,48,No
104497,47,60167,46553,448,48,Yes
104498,50,27961,19901,679,36,No
104499,63,46140,28279,327,24,Yes
104500,22,144098,33525,448,60,No
104501,29,139289,25491,719,36,No
104502,48,78701,8280,579,12,No
104503,51,97567,39980,481,12,Yes
104504,54,100664,34989,465,36,Yes
104505,35,101199,13078,316,60,Yes
104506,45,149856,31118,449,12,Yes
104507,56,119764,28985,638,60,No
104508,28,101218,21997,344,48,No
104509,29,142357,19274,801,36,No
104510,57,100729,5868,488,48,No
104511,59,48561,31398,360,12,Yes
104512,52,70568,21042,593,60,No
104513,37,129349,36820,332,48,No
104514,55,93302,26246,598,12,Yes
104515,57,115380,25561,714,24,Yes
104516,39,114968,21254,848,48,No
104517,64,49504,39512,730,24,No
104518,49,136116,40024,794,24,No
104519,27,57146,28996,399,12,Yes
104520,48,60297,33618,322,36,Yes
104521,29,106394,16859,719,60,No
104522,48,147173,28580,723,12,No
104523,26,145942,10423,786,48,No
104524,49,88607,42857,388,60,Yes
104525,37,36939,11608,508,36,No
104526,36,110467,47485,570,12,No
104527,43,70715,9876,705,36,No
104528,51,64460,26038,577,48,No
104529,23,86576,33006,505,12,Yes
104530,41,88222,40775,627,48,Yes
104531,46,32666,35810,635,60,Yes
104532,56,82119,19325,337,60,No
104533,62,55321,40892,527,36,No
104534,57,21779,6753,782,36,No
104535,42,33186,34531,433,60,Yes
104536,62,36459,22996,689,24,No
104537,32,106246,8275,724,60,No
104538,62,107755,13747,809,12,No
104539,33,25057,5824,726,48,No
104540,31,80663,18880,773,60,No
104541,36,38733,48809,660,60,Yes
104542,28,39157,6081,510,48,Yes
104543,60,55030,16517,478,48,Yes
104544,60,39613,26683,357,12,Yes
104545,22,128612,21876,372,48,Yes
104546,50,135080,42532,514,36,Yes
104547,50,103028,13266,372,60,Yes
104548,32,106282,16183,766,48,No
104549,30,25188,26066,570,12,No
104550,64,127106,17877,798,48,No
104551,31,148346,14982,653,60,No
104552,35,49680,13968,533,24,Yes
104553,36,123361,31598,618,48,Yes
104554,37,80119,19639,318,36,No
104555,46,122302,9674,671,60,No
104556,22,94400,9316,483,12,Yes
104557,32,75718,14695,576,60,No
104558,46,56445,36094,444,24,Yes
104559,43,25796,27187,380,12,No
104560,38,67218,46147,621,24,Yes
104561,52,59131,6214,734,24,No
104562,58,28123,28940,342,36,Yes
104563,23,28222,49406,612,48,No
104564,58,44074,30685,592,36,No
104565,23,131958,48481,368,36,Yes
104566,50,136088,20977,355,36,Yes
104567,21,49825,49839,503,12,Yes
104568,50,56839,40904,719,48,No
104569,52,127112,30538,849,48,No
104570,48,147514,44386,542,12,No
104571,41,88322,43033,500,36,Yes
104572,33,76321,12965,773,36,No
104573,47,119174,14597,826,24,No
104574,56,122500,46476,376,24,Yes
104575,27,130100,32740,777,60,No
104576,42,45988,11569,739,24,No
104577,30,55507,42981,562,48,Yes
104578,59,119244,16881,484,12,Yes
104579,35,118644,41996,354,36,Yes
104580,35,145788,37177,607,60,No
104581,24,115251,42177,815,24,Yes
104582,52,43806,5590,598,60,No
104583,43,56901,31119,529,12,No
104584,26,37043,32915,676,12,No
104585,44,95761,7708,585,60,No
104586,40,29752,43749,437,60,Yes
104587,57,88993,49989,777,60,No
104588,40,62616,27106,306,36,Yes
104589,32,72127,22131,718,48,No
104590,53,94777,11553,771,24,No
104591,48,20453,22881,719,24,No
104592,28,95432,6379,575,24,No
104593,21,142872,30255,389,60,No
104594,57,107362,45128,581,60,No
104595,42,30976,8770,847,60,No
104596,26,134176,24726,470,36,No
104597,41,119122,14088,654,36,No
104598,52,90404,39314,503,36,No
104599,55,101932,43976,588,36,Yes
104600,35,117170,21350,761,12,No
104601,25,97707,46643,472,36,Yes
104602,26,109647,39063,600,36,Yes
104603,45,53688,20861,828,36,No
104604,60,106840,18973,439,24,Yes
104605,49,137106,22769,577,24,No
104606,27,127810,22326,810,24,No
104607,60,124779,41048,645,48,Yes
104608,33,113789,7786,439,12,Yes
104609,58,116516,40001,413,60,Yes
104610,38,22017,6620,806,36,No
104611,22,27957,41303,665,24,Yes
104612,28,134534,24589,696,12,Yes
104613,31,127724,7882,410,36,Yes
104614,53,24792,29524,657,48,No
104615,58,75982,14745,537,60,Yes
104616,47,33237,41665,302,36,Yes
104617,40,71586,20861,703,60,No
104618,32,101787,31171,324,36,Yes
104619,63,39252,31199,808,48,Yes
104620,51,30707,7837,764,12,No
104621,47,54206,13599,360,60,Yes
104622,52,114276,20911,807,60,No
104623,30,23543,25553,422,12,Yes
104624,23,64135,44489,796,60,No
104625,47,136469,28813,354,24,No
104626,55,133824,43255,462,12,Yes
104627,51,124647,34520,338,48,No
104628,35,55031,34541,382,36,Yes
104629,36,62929,5236,845,36,No
104630,33,85747,32350,412,12,Yes
104631,55,77851,49397,724,24,Yes
104632,31,75311,16549,529,48,No
104633,41,132113,32453,582,36,Yes
104634,31,125331,40191,586,36,Yes
104635,50,85867,17906,454,24,Yes
104636,55,108780,19988,464,60,No
104637,42,77196,32723,481,12,Yes
104638,58,93705,38800,538,24,Yes
104639,51,77894,44107,638,24,No
104640,34,107640,32430,811,24,No
104641,44,127437,37535,565,24,Yes
104642,52,34591,7940,486,60,Yes
104643,56,117247,26793,339,48,Yes
104644,52,68893,17262,792,24,No
104645,35,20727,49420,690,24,No
104646,63,41359,42710,559,12,Yes
104647,55,63822,11961,475,36,Yes
104648,23,121547,31499,628,60,Yes
104649,36,135336,45498,499,24,Yes
104650,25,123399,36283,495,48,No
104651,41,132113,5633,830,48,No
104652,30,108534,11822,361,48,No
104653,39,30929,30968,626,12,Yes
104654,45,148588,44255,580,48,No
104655,24,80091,24830,526,12,Yes
104656,49,100378,10738,357,60,No
104657,39,43519,8098,776,48,No
104658,63,37393,34888,675,36,No
104659,22,54318,13097,542,24,No
104660,30,94531,18136,666,60,No
104661,63,114192,43244,799,36,No
104662,45,67934,13253,551,60,No
104663,40,125796,30208,621,48,No
104664,39,130805,9887,675,60,No
104665,43,101103,49411,708,60,No
104666,44,48840,14492,787,60,No
104667,31,138089,40421,642,12,Yes
104668,54,109367,6454,539,36,No
104669,48,33265,22522,438,48,Yes
104670,25,25424,43575,421,24,No
104671,25,40625,8192,719,48,Yes
104672,41,99622,20775,603,48,No
104673,32,49187,15402,414,12,Yes
104674,24,55929,18074,642,12,Yes
104675,62,81892,20245,550,60,No
104676,40,40539,41527,306,48,Yes
104677,58,76630,30936,478,36,Yes
104678,45,110639,32002,444,12,Yes
104679,34,113410,20683,715,12,No
104680,31,29215,17460,420,36,No
104681,52,59385,35482,423,12,Yes
104682,31,107580,21447,449,36,Yes
104683,38,97462,22729,696,24,Yes
104684,47,133396,25545,680,36,No
104685,38,117037,33204,300,24,Yes
104686,43,115310,14814,543,60,Yes
104687,31,45008,18890,697,60,Yes
104688,41,68928,6740,550,12,No
104689,64,103096,35121,598,36,No
104690,25,109876,16218,596,12,No
104691,43,44976,11055,799,36,No
104692,61,133942,27705,414,12,Yes
104693,45,144984,39722,300,60,No
104694,61,47626,47000,781,60,Yes
104695,30,118256,11439,809,12,No
104696,42,120537,35921,634,36,Yes
104697,39,79789,38729,764,48,No
104698,21,24700,28211,440,36,No
104699,27,129331,35614,436,12,Yes
104700,24,83645,22601,466,36,Yes
104701,21,140594,32796,642,24,Yes
104702,35,93396,11007,709,36,No
104703,60,27526,25514,364,60,Yes
104704,32,123863,22776,366,60,No
104705,42,59500,7076,732,24,No
104706,42,88049,30350,349,36,Yes
104707,37,93366,43964,613,48,Yes
104708,49,100317,21292,608,36,No
104709,34,79117,36510,414,60,Yes
104710,40,76096,33000,641,60,No
104711,53,27910,48083,829,12,Yes
104712,63,101383,35383,794,60,No
104713,35,91185,16785,568,12,No
104714,32,70248,45910,379,60,No
104715,60,94656,44028,755,60,No
104716,40,21951,29855,598,48,No
104717,50,85212,29281,501,12,Yes
104718,58,95701,9841,802,12,No
104719,23,99888,36668,784,60,Yes
104720,48,95282,31918,317,12,Yes
104721,46,129274,22443,777,60,No
104722,50,114533,37250,787,60,Yes
104723,33,61954,6922,745,36,No
104724,33,109719,36976,639,12,No
104725,22,28804,16991,830,24,No
104726,57,112705,43869,415,12,No
104727,58,20595,27733,373,12,Yes
104728,22,49592,7473,568,48,No
104729,56,60643,13108,415,24,No
104730,46,143721,33715,463,24,Yes
104731,31,82665,47811,521,48,No
104732,28,40823,37210,425,48,Yes
104733,64,25972,42317,475,12,Yes
104734,60,35882,38362,674,36,Yes
104735,63,86394,9889,797,48,No
104736,42,91055,29021,384,24,No
104737,40,43769,13212,682,24,No
104738,28,45020,36971,762,12,No
104739,49,62748,8201,750,36,No
104740,60,122621,45622,817,60,No
104741,46,105374,44531,849,48,No
104742,50,64912,48421,415,48,Yes
104743,37,32879,29346,307,12,No
104744,40,53798,42958,517,36,Yes
104745,36,127791,18715,703,24,Yes
104746,63,109826,10681,603,24,No
104747,27,66073,41446,766,60,No
104748,36,95791,21720,387,24,No
104749,47,86983,6667,309,48,Yes
104750,43,63005,33152,607,60,Yes
104751,44,114731,13204,733,36,No
104752,29,22850,42890,463,60,No
104753,55,48400,29537,538,36,No
104754,40,144948,16217,616,24,No
104755,57,31953,38741,634,12,No
104756,62,126410,25654,317,60,Yes
104757,37,145155,6408,370,60,No
104758,51,43535,47903,474,48,Yes
104759,28,95536,23672,638,48,No
104760,35,95039,46506,547,36,Yes
104761,51,141640,6218,492,12,No
104762,50,101029,41145,718,48,No
104763,40,24055,48732,624,48,No
104764,59,58170,35105,605,24,No
104765,32,145331,9098,503,24,Yes
104766,37,117944,12619,422,48,Yes
104767,62,127585,16939,746,36,No
104768,50,119976,23226,790,12,No
104769,49,48251,30322,732,48,No
104770,39,24532,21878,427,36,Yes
104771,31,24924,11560,847,36,No
104772,54,68037,43278,346,48,Yes
104773,27,98082,41212,804,36,Yes
104774,64,112115,34299,414,60,Yes
104775,54,91621,12543,715,36,No
104776,40,97926,28946,522,48,Yes
104777,58,98816,36740,802,36,Yes
104778,44,109654,12253,395,48,No
104779,30,90400,18775,406,24,No
104780,52,127620,37813,331,48,Yes
104781,35,119525,32632,792,36,Yes
104782,57,121164,7057,365,48,Yes
104783,40,112385,38431,478,12,No
104784,23,113102,42436,742,48,No
104785,57,30702,23413,848,48,No
104786,60,126732,35225,500,12,Yes
104787,28,35385,43485,348,12,Yes
104788,60,29336,7696,562,12,Yes
104789,64,85421,21101,432,60,No
104790,43,51225,13831,643,48,Yes
104791,60,56021,24047,475,12,No
104792,31,23782,10004,690,12,No
104793,28,108877,27705,310,24,No
104794,49,135454,26509,500,60,Yes
104795,50,137369,42170,302,48,Yes
104796,30,109630,48555,513,36,Yes
104797,59,69111,19662,606,60,No
104798,48,109402,43680,843,60,No
104799,56,139774,5394,626,24,Yes
104800,33,142652,41365,498,48,No
104801,52,104585,15524,408,48,No
104802,56,62719,38097,590,12,No
104803,57,116528,31673,407,12,No
104804,46,69037,22156,707,60,No
104805,42,100103,6645,351,24,Yes
104806,24,129987,34049,411,48,Yes
104807,51,145695,14815,594,24,No
104808,38,23513,6848,488,36,No
104809,58,135183,39329,364,48,Yes
104810,44,33335,38541,764,12,No
104811,43,64140,12311,557,60,Yes
104812,42,124126,26563,630,24,No
104813,22,100373,20203,800,12,No
104814,51,97658,14290,509,60,No
104815,31,54840,39818,388,12,Yes
104816,48,51007,22131,327,48,Yes
104817,52,76947,35143,537,24,Yes
104818,25,126833,29509,635,36,No
104819,58,138637,27244,362,12,Yes
104820,30,140721,41741,799,24,No
104821,60,113220,31898,840,48,No
104822,44,46393,39383,768,12,No
104823,55,77480,25138,350,48,No
104824,64,137243,48262,411,36,Yes
104825,43,108290,10506,600,36,Yes
104826,37,106335,25605,389,60,No
104827,21,124263,18054,528,60,No
104828,51,29107,33231,449,60,Yes
104829,51,148181,18861,437,48,No
104830,62,25993,16587,434,60,Yes
104831,62,116341,18515,756,24,No
104832,54,113650,26675,793,48,No
104833,29,123325,43622,826,48,No
104834,42,144980,21600,632,60,No
104835,33,137595,32892,661,60,No
104836,45,72066,22743,473,48,No
104837,38,131850,8774,512,36,No
104838,32,62942,26801,642,36,No
104839,60,36138,42695,360,60,Yes
104840,37,138558,33853,360,36,Yes
104841,35,147408,9429,823,24,No
104842,62,64527,9606,515,24,No
104843,35,29190,9478,722,24,No
104844,35,112259,23280,722,48,No
104845,59,139773,45134,670,48,No
104846,33,98422,9427,505,48,Yes
104847,37,75698,10361,585,48,No
104848,52,102315,30475,404,48,Yes
104849,29,113710,5641,842,60,No
104850,60,49086,26730,541,36,No
104851,40,37322,26113,790,60,No
104852,46,128132,25011,797,36,No
104853,47,145604,47853,734,60,Yes
104854,41,120814,24659,783,24,No
104855,38,139324,41818,746,12,No
104856,33,103569,42321,683,48,Yes
104857,36,105610,26309,809,12,No
104858,29,148921,23688,469,12,Yes
104859,32,23435,33176,622,24,No
104860,64,121505,8343,773,12,No
104861,58,73331,7056,531,12,No
104862,39,48942,24192,658,24,No
104863,27,79635,28476,574,36,No
104864,55,49059,14416,331,60,No
104865,38,77557,44994,476,12,Yes
104866,36,133457,5886,364,48,No
104867,59,72389,13584,326,24,Yes
104868,24,73014,32766,778,12,No
104869,45,52826,23830,567,36,Yes
104870,52,50297,25289,365,36,Yes
104871,60,63890,16530,432,48,No
104872,33,41322,8591,665,12,Yes
104873,37,55739,33342,381,48,No
104874,57,29719,26395,627,36,No
104875,26,99553,21738,397,36,Yes
104876,39,28314,7631,626,60,No
104877,33,113831,22905,841,36,No
104878,46,95164,24056,424,24,Yes
104879,34,127658,49138,509,60,No
104880,51,97028,28546,432,48,No
104881,24,56113,40447,802,36,Yes
104882,59,137174,42190,456,24,Yes
104883,28,35357,31014,681,60,Yes
104884,45,118865,12463,321,24,Yes
104885,33,40365,47381,718,60,Yes
104886,52,59029,6780,771,60,No
104887,58,21737,31107,533,60,Yes
104888,58,94632,36587,753,48,No
104889,48,105474,47192,461,60,Yes
104890,50,98218,44339,600,60,Yes
104891,23,144606,29968,605,24,No
104892,48,47499,38593,301,60,No
104893,23,130027,48923,570,48,Yes
104894,54,130402,28660,720,24,No
104895,36,148692,7395,442,60,No
104896,42,127430,41913,834,24,Yes
104897,52,66157,36848,336,48,Yes
104898,58,76247,20779,406,24,Yes
104899,28,148411,10492,596,48,No
104900,28,61034,34722,396,36,Yes
104901,26,20294,12111,580,60,No
104902,34,118072,14984,409,48,No
104903,52,44596,37016,848,60,No
104904,55,118185,32640,487,48,Yes
104905,30,31434,11792,787,12,No
104906,23,78382,31924,653,12,No
104907,32,58098,37577,318,12,Yes
104908,51,24655,12711,692,48,No
104909,49,103029,25012,560,60,No
104910,25,66228,39333,709,12,No
104911,45,23771,41435,702,60,No
104912,61,94099,44227,783,48,No
104913,51,140811,9096,603,60,No
104914,41,76799,6019,317,60,No
104915,40,82257,29312,483,12,Yes
104916,59,37558,14476,704,24,No
104917,42,119468,13254,430,36,No
104918,24,78436,37419,778,48,No
104919,33,127779,16584,307,48,Yes
104920,62,144891,10965,617,48,No
104921,40,143725,16464,690,36,No
104922,33,112103,17439,818,24,No
104923,37,143400,42489,435,60,No
104924,56,52376,46176,830,48,Yes
104925,53,139154,37963,666,60,Yes
104926,21,107458,33440,788,12,No
104927,35,97924,8273,310,12,No
104928,33,49332,20330,745,12,No
104929,37,66737,26494,413,48,Yes
104930,44,109031,15886,495,36,Yes
104931,28,93970,8212,622,48,No
104932,47,71952,40523,811,12,No
104933,43,40991,22905,464,12,Yes
104934,28,47472,27058,551,48,Yes
104935,28,79946,6080,343,36,No
104936,46,125566,37675,769,36,No
104937,33,46849,27007,788,60,No
104938,59,21541,22105,480,24,No
104939,57,149237,35279,376,12,No
104940,48,22765,22946,673,36,No
104941,45,63074,5639,366,12,No
104942,36,122795,17502,824,24,No
104943,22,49283,42958,391,12,Yes
104944,38,121387,33363,543,36,Yes
104945,37,140044,8736,640,60,No
104946,50,120161,21473,603,48,No
104947,59,20769,39019,697,48,Yes
104948,33,37806,47062,747,36,Yes
104949,52,110518,26087,396,36,No
104950,49,22972,33489,630,24,Yes
104951,50,38256,41820,504,12,No
104952,38,123903,24325,748,24,Yes
104953,33,145574,5271,717,48,No
104954,63,38653,23414,376,12,Yes
104955,41,123579,29220,848,24,No
104956,50,106669,49466,724,48,Yes
104957,41,59339,47425,728,12,No
104958,37,45757,14387,784,60,Yes
104959,60,123376,16279,434,60,No
104960,39,62399,32584,553,24,No
104961,35,64013,49783,554,36,No
104962,29,117605,44809,798,12,Yes
104963,30,34706,46476,783,24,No
104964,64,58231,15857,345,36,No
104965,51,47909,47261,742,36,Yes
104966,43,125754,13052,303,12,No
104967,50,145777,21995,300,12,No
104968,53,96631,18580,589,36,No
104969,29,77572,23240,408,48,Yes
104970,21,105879,22910,759,24,No
104971,64,83767,15216,565,12,Yes
104972,55,46469,43997,437,36,Yes
104973,31,21313,29911,733,48,Yes
104974,54,27847,39866,343,60,Yes
104975,36,70222,20438,809,36,No
104976,29,94702,12865,561,48,No
104977,52,29930,21557,451,60,Yes
104978,35,23285,17211,512,48,No
104979,32,143637,38268,533,12,Yes
104980,53,55863,8646,660,36,No
104981,34,36704,47816,619,60,No
104982,28,38705,28924,521,48,Yes
104983,28,20555,49112,509,60,No
104984,47,41323,14910,695,24,No
104985,32,90968,6778,788,36,No
104986,21,86922,24441,763,12,No
104987,63,73915,10190,751,60,No
104988,60,129543,20304,712,48,No
104989,62,30619,44765,775,60,Yes
104990,31,92390,32289,555,48,Yes
104991,59,148918,49788,449,60,Yes
104992,63,128500,9747,426,12,No
104993,51,134337,14286,691,12,No
104994,37,79274,5045,779,36,No
104995,53,93173,34742,696,12,No
104996,52,41225,12758,701,60,No
104997,49,131266,28437,573,60,Yes
104998,41,46739,24585,438,12,No
104999,41,67708,38223,402,24,Yes
